HOSPITAL_NAME,CITY,STATE_FULL,LATITUDE,LONGITUDE,nearest_burn_center,nearest_burn_distance_miles,distance_score
Alaska Native Medical Center,Anchorage,Alaska,61.1827723,-149.8001772,UW Medicine/Harborview Medical Center (UW Medicine Regional Burn Center at Harborview),1430.846678216742,0.9995049348326158
Providence Alaska Medical Center/Children's Hospital at Providence,Anchorage,Alaska,61.1871675,-149.8194391,UW Medicine/Harborview Medical Center (UW Medicine Regional Burn Center at Harborview),1431.5553914262182,1.0
Southeast Alabama Medical Center,Dothan,Alabama,31.2148853,-85.3612607,USA Health University Hospital (Arnold Luterman Regional Burn Center),166.1133624279162,0.11603697867563625
University of Alabama at Birmingham Hospital (UAB Burn Center),Birmingham,Alabama,33.5061011,-86.8017824,University of Alabama at Birmingham Hospital (UAB Burn Center),0.0,0.0
Huntsville Hospital ,Huntsville,Alabama,34.7204666,-86.5809629,University of Alabama at Birmingham Hospital (UAB Burn Center),84.85094883980031,0.059271858670634954
USA Health University Hospital (Arnold Luterman Regional Burn Center),Mobile,Alabama,30.7074407,-88.1018196,USA Health University Hospital (Arnold Luterman Regional Burn Center),0.0,0.0
Baptist Medical Center South ,Montgomery,Alabama,32.3279531,-86.277782,Children's of Alabama (Children's of Alabama Burn Center),86.87859010658285,0.060688249038011836
Flagstaff Medical Center,Flagstaff,Arizona,35.2087899,-111.6440219,Valleywise Health (Arizona Burn Center),122.8595898826991,0.08582244921748892
Chandler Regional Medical Center,Chandler,Arizona,33.2968477,-111.8740839,Valleywise Health (Arizona Burn Center),14.110915938993154,0.009857052003370158
Banner Thunderbird Medical Center,Glendale,Arizona,33.6092131,-112.1785899,Valleywise Health (Arizona Burn Center),13.717632247924302,0.00958232725752778
Abrazo West Campus,Goodyear,Arizona,33.4619617,-112.3528494,Valleywise Health (Arizona Burn Center),18.981553838797844,0.013259391814302803
Banner Desert Medical Center/Banner Children's at Desert,Mesa,Arizona,33.3902134,-111.878137,Valleywise Health (Arizona Burn Center),9.622538664187866,0.00672173687572173
Banner University Medical Center - Phoenix,Phoenix,Arizona,33.4649889,-112.0576176,Valleywise Health (Arizona Burn Center),2.012870014448192,0.0014060720433896913
St. Joseph's Hospital and Medical Center,Phoenix,Arizona,33.4822386,-112.0800526,Valleywise Health (Arizona Burn Center),3.6454463261348553,0.0025464933791370797
HonorHealth Deer Valley Medical Center,Phoenix,Arizona,33.6663494,-112.1158366,Valleywise Health (Arizona Burn Center),15.313456182411072,0.010697075554411281
HonorHealth John C. Lincoln Medical Center,Phoenix,Arizona,33.5707803,-112.069651,Valleywise Health (Arizona Burn Center),8.200804320325078,0.005728597279183761
Valleywise Health (Arizona Burn Center),Phoenix,Arizona,33.458477,-112.023581,Valleywise Health (Arizona Burn Center),0.0,0.0
HonorHealth Scottsdale Osborn Medical Center,Scottsdale,Arizona,33.4886042,-111.9229239,Valleywise Health (Arizona Burn Center),6.163446593336961,0.004305419566892549
Banner University Medical Center - Tucson (Burn Unit at Banner),Tucson,Arizona,32.241234,-110.9456042,Banner University Medical Center - Tucson (Burn Unit at Banner),0.0,0.0
Carondelet St. Joseph's Hospital,Tucson,Arizona,32.2269182,-110.8554362,Banner University Medical Center - Tucson (Burn Unit at Banner),5.361897783297537,0.0037455049349893682
CHI St. Vincent Hospital Hot Springs,Hot Springs,Arkansas,34.4673627,-93.0672251,Arkansas Children's Hospital (Arkansas Children's Hospital Burn Center),47.98769783605899,0.03352136991936456
UAMS Medical Center,Little Rock ,Arkansas,34.7480711,-92.3213812,Arkansas Children's Hospital (Arkansas Children's Hospital Burn Center),1.7635204783555871,0.001231891192557098
Baptist Health Medical Center,Little Rock,Arkansas,34.743831,-92.3810036,Arkansas Children's Hospital (Arkansas Children's Hospital Burn Center),5.080670528561624,0.00354905619369705
CHI St. Vincent Infirmary ,Little Rock,Arkansas,34.7504025,-92.3387075,Arkansas Children's Hospital (Arkansas Children's Hospital Burn Center),2.755318920828652,0.0019247029750512172
Washington Regional Medical Center,Fayetteville,Arkansas,36.1102363,-94.1597641,Mercy Hospital Springfield (Mercy Burn Center Springfield),88.6178207590898,0.06190317279361601
Highland Hospital,Oakland,California,37.7982246,-122.2314388,Bothin Burn Center at St. Francis Memorial Hospital,10.12388866240045,0.007071950357655603
Sutter Health Eden Medical Center,Castro Valley,California,37.6980844,-122.0892714,Bothin Burn Center at St. Francis Memorial Hospital,18.96698778493696,0.013249216829843159
Enloe Medical Center,Chico,California,39.7424302,-121.8502008,UC Davis Medical Center (UC Davis Regional Burn Center),84.73313424410047,0.059189560356224316
"John Muir Medical Center, Walnut Creek",Walnut Creek,California,37.915091,-122.0415774,Bothin Burn Center at St. Francis Memorial Hospital,22.21715894205655,0.015519594334329055
Community Regional Medical Center (Leon S. Peters Burn Center),Fresno,California,36.7434443,-119.7849092,Community Regional Medical Center (Leon S. Peters Burn Center),0.0,0.0
Antelope Valley Hospital ,Lancaster,California,34.6867333,-118.1595496,The Grossman Burn Center at West Hills Hospital & Medical Center ,42.80626016337847,0.029901923753527834
Cedar-Sinai Medical Center,West Hollywood,California,34.0751604,-118.3810936,LAC + USC Medical Center (LAC + USC Regional Burn Center),9.641245489930867,0.006734804358723113
Pomona Valley Hospital Medical Center,Pomona,California,34.0772198,-117.7505896,UC Irvine Health (UCI Regional Burn Center),21.49104095927974,0.015012371220836117
St. Francis Medical Center Lynwood,Lynwood,California,,,,,
Providence Holy Cross Medical Center,Mission Hills,California,34.2808028,-118.4588829,The Grossman Burn Center at West Hills Hospital & Medical Center ,11.091911486341399,0.007748153898041514
Ronald Reagan UCLA Medical Center,Los Angeles,California,34.0664551,-118.4465189,LAC + USC Medical Center (LAC + USC Regional Burn Center),13.274256222562252,0.00927261096710864
California Hospital Medical Center,Los Angeles,California,34.0379284,-118.2658314,LAC + USC Medical Center (LAC + USC Regional Burn Center),2.989044809592186,0.0020879700691248037
Northridge Hospital Medical Center,Northridge ,California,34.219985,-118.5338793,The Grossman Burn Center at West Hills Hospital & Medical Center ,5.541319781561166,0.0038708385401982283
Harbor-UCLA Medical Center,Torrance,California,33.8220008,-118.2926469,Torrance Memorial Burn Center,3.0317797788960883,0.0021178221932967693
Henry Mayo Newhall Hospital,Valencia,California,34.3982335,-118.5530872,The Grossman Burn Center at West Hills Hospital & Medical Center ,14.17515463824643,0.009901925362541595
Huntington Hospital,Pasadena,California,34.1332261,-118.1522436,LAC + USC Medical Center (LAC + USC Regional Burn Center),6.82442267456902,0.004767138397467136
LAC + USC Medical Center (LAC + USC Regional Burn Center),Los Angeles,California,34.0495071,-118.2155277,LAC + USC Medical Center (LAC + USC Regional Burn Center),0.0,0.0
Long Beach Medical Center,Long Beach,California,33.8086158,-118.1860441,Torrance Memorial Burn Center,9.089264884053982,0.006349223326244194
St. Mary Medical Center Long Beach,Long Beach,California,33.7803164,-118.1871938,Torrance Memorial Burn Center,9.295280723999005,0.0064931338177130395
Natividad Medical Center,Salinas ,California,36.6974341,-121.6341101,Santa Clara Valley Medical Center (Santa Clara Valley Medical Center Regional Burn Center),45.76432052015828,0.031968249914915675
Providence Mission Hospital,Mission Viejo,California,33.5614858,-117.6651193,Orange County Global Medical Center (Orange County Burn Center),16.434941792769756,0.011480479128646281
UC Irvine Health (UCI Regional Burn Center),Orange,California,33.7873594,-117.8865597,UC Irvine Health (UCI Regional Burn Center),0.0,0.0
Orange County Global Medical Center (Orange County Burn Center),Santa Ana,California,33.7539529,-117.8330375,Orange County Global Medical Center (Orange County Burn Center),0.0,0.0
Sutter Roseville Medical Center,Roseville,California,38.7662164,-121.2493273,UC Davis Medical Center (UC Davis Regional Burn Center),18.391126870742493,0.01284695442515845
Desert Regional Medical Center,Palm Springs,California,33.839248,-116.5424408,Arrowhead Regional Medical Center (Edward G. Hirschman Burn Center),49.07123227659296,0.03427826304904952
HCA Riverside Community Hospital,Riverside ,California,33.9762574,-117.3783806,Arrowhead Regional Medical Center (Edward G. Hirschman Burn Center),6.917394469304526,0.004832082999186585
Inland Valley Medical Center,Wildomar,California,,,,,
Riverside University Health System Medical Center,Moreno Valley,California,33.9119259,-117.1963788,Arrowhead Regional Medical Center (Edward G. Hirschman Burn Center),14.25024838629392,0.009954381417331537
Mercy San Juan Medical Center,Carmichael,California,38.6695201,-121.3131765,UC Davis Medical Center (UC Davis Regional Burn Center),11.073595485555131,0.007735359422259463
Kaiser Permanente South Sacramento Medical Center,Sacramento,California,38.469415,-121.4228323,Shriners Burn Center at Shriners Hospitals for Children - Nothern California,6.032486251872168,0.00421393841132628
UC Davis Medical Center (UC Davis Regional Burn Center),Sacramento,California,38.5547336,-121.4563168,UC Davis Medical Center (UC Davis Regional Burn Center),0.0,0.0
Arrowhead Regional Medical Center (Edward G. Hirschman Burn Center),Colton,California,34.0737033,-117.3506708,Arrowhead Regional Medical Center (Edward G. Hirschman Burn Center),0.0,0.0
Loma Linda University Medical Center/Loma Linda University Children's Hospital,Loma Linda,California,34.0491119,-117.2634355,Arrowhead Regional Medical Center (Edward G. Hirschman Burn Center),5.2745308301853155,0.0036844755444149805
Palomar Medical Center Escondido,Escondido,California,33.1006632,-117.1145049,UC San Diego Medical Center (UCSD Regional Burn Center),24.044505011167917,0.016796070312873508
Scripps Memorial Hospital,La Jolla,California,,,,,
Scripps Mercy Hospital,San Diego,California,32.7513283,-117.160071,UC San Diego Medical Center (UCSD Regional Burn Center),0.41973516792765125,0.00029320218445021606
Sharp Memorial Hospital,San Diego,California,32.7996982,-117.1543535,UC San Diego Medical Center (UCSD Regional Burn Center),3.1347630068650876,0.00218976019065669
UC San Diego Medical Center (UCSD Regional Burn Center),San Diego,California,32.7553116,-117.1655247,UC San Diego Medical Center (UCSD Regional Burn Center),0.0,0.0
Zuckerberg San Francisco General Hospital ,San Francisco,California,37.7568103,-122.4052532,Bothin Burn Center at St. Francis Memorial Hospital,2.3508711055713443,0.0016421796317844452
San Joaquin General Hospital,French Camp,California,37.886327,-121.2829755,Shriners Burn Center at Shriners Hospitals for Children - Nothern California,47.000022827590314,0.032831438524195365
Stanford Health Care/Lucile Packard Children's Hospital Stanford,Palo Alto,California,37.4344064,-122.1748921,Santa Clara Valley Medical Center (Santa Clara Valley Medical Center Regional Burn Center),15.61519679732193,0.010907853716903648
Santa Barbara Cottage Hospital,Santa Barbara,California,34.4298059,-119.7235684,The Grossman Burn Center at West Hills Hospital & Medical Center ,64.42498060693735,0.045003484316979564
Santa Clara Valley Medical Center (Santa Clara Valley Medical Center Regional Burn Center),San Jose,California,37.3151936,-121.9332862,Santa Clara Valley Medical Center (Santa Clara Valley Medical Center Regional Burn Center),0.0,0.0
HCA Regional Medical Center,San Jose,California,37.363321,-121.848374,Santa Clara Valley Medical Center (Santa Clara Valley Medical Center Regional Burn Center),5.728506092677219,0.004001595835540859
Mercy Medical Center Redding,Redding,California,40.5717502,-122.3958827,UC Davis Medical Center (UC Davis Regional Burn Center),148.07499510442574,0.1034364412241868
Kaiser Permanente Vacaville Medical Center,Vacaville,California,38.3881715,-121.9381007,UC Davis Medical Center (UC Davis Regional Burn Center),28.48991695706117,0.01990137240074062
NorthBay Medical Center,Fairfield,California,38.2621317,-122.0477768,Shriners Burn Center at Shriners Hospitals for Children - Nothern California,37.85564402591285,0.026443715872005724
Santa Rosa Memorial Hospital,Santa Rosa,California,38.4438002,-122.7008844,Bothin Burn Center at St. Francis Memorial Hospital,47.76818711042177,0.033368032698219016
Doctors Medical Center,Modesto,California,37.6655628,-120.997371,Santa Clara Valley Medical Center (Santa Clara Valley Medical Center Regional Burn Center),56.73355664485779,0.03963071005470194
Memorial Medical Center,Modesto,California,37.6685683,-120.9733791,Santa Clara Valley Medical Center (Santa Clara Valley Medical Center Regional Burn Center),58.011939785943326,0.04052371297218731
Ventura County Medical Center ,Ventura,California,34.2789982,-119.2535146,The Grossman Burn Center at West Hills Hospital & Medical Center ,36.08023373882705,0.025203519161687015
Los Robles Hospital and Medical Center,Thousand Oaks,California,34.2065348,-118.8826066,The Grossman Burn Center at West Hills Hospital & Medical Center ,14.516793608492941,0.010140574158314803
University of Colorado Hospital (Burn & Frostbite Center at UCHealth),Aurora,Colorado,39.7425435,-104.841661,University of Colorado Hospital (Burn & Frostbite Center at UCHealth),0.0,0.0
North Suburban Medical Center,Thornton,Colorado,39.8645116,-104.9859948,University of Colorado Hospital (Burn & Frostbite Center at UCHealth),11.389291506687318,0.007955886006856143
Swedish Medical Center (Burn and Reconstructive Centers of Colorado),Englewood,Colorado,39.6532191,-104.980109,Swedish Medical Center (Burn and Reconstructive Centers of Colorado),0.0,0.0
Medical Center of Aurora ,Aurora,Colorado,39.6913117,-104.8320635,Children's Hospital Colorado (Children's Hospital Colorado Burn Center),3.5239430762225425,0.0024616183888712386
Littleton Adventist Hospital ,Littleton,Colorado,,,,,
Good Samaritan Medical Center,Lafayette ,Colorado,39.9708302,-105.0862302,University of Colorado Hospital (Burn & Frostbite Center at UCHealth),20.422217579305112,0.014265754368721307
Boulder Community Foothills Hospital,Boulder,Colorado,40.014824,-105.2396715,University of Colorado Hospital (Burn & Frostbite Center at UCHealth),28.271759936415684,0.019748980797906344
Denver Health Medical Center,Denver,Colorado,39.7282294,-104.9921229,Swedish Medical Center (Burn and Reconstructive Centers of Colorado),5.221982519336689,0.003647768399750271
Sky Ridge Medical Center ,Lone Tree,Colorado,,,,,
Parker Adventist Hospital,Parker,Colorado,39.5485741,-104.7690873,Swedish Medical Center (Burn and Reconstructive Centers of Colorado),13.359838643671644,0.00933239378908113
Penrose Hospital,Colorado Springs,Colorado,38.8659079,-104.8218453,Swedish Medical Center (Burn and Reconstructive Centers of Colorado),55.05349799711549,0.0384571203649111
UCHealth Memorial Hospital,Colorado Springs,Colorado,38.8403011,-104.7990253,Swedish Medical Center (Burn and Reconstructive Centers of Colorado),56.997431599630815,0.0398150375046584
St. Anthony Hospital,Lakewood,Colorado,39.7144552,-105.1294903,Swedish Medical Center (Burn and Reconstructive Centers of Colorado),8.999712777714825,0.00628666751675509
Lutheran Medical Center,Wheat Ridge,Colorado,39.7679924,-105.0905786,Swedish Medical Center (Burn and Reconstructive Centers of Colorado),9.867371146431323,0.006892762379666455
UCHealth Medical Center of the Rockies,Loveland,Colorado,40.4154198,-104.9974664,North Colorado Medical Center (Western States Burn Center),15.181038265715774,0.01060457622292305
St. Mary's Hospital and Medical Center,Grand Junction,Colorado,39.0902952,-108.5632037,Swedish Medical Center (Burn and Reconstructive Centers of Colorado),195.2813175824635,0.13641198849309646
North Colorado Medical Center (Western States Burn Center),Greeley,Colorado,40.4148489,-104.7088871,North Colorado Medical Center (Western States Burn Center),0.0,0.0
Bridgeport Hospital (The Connecticut Burn Center),Bridgeport,Connecticut,41.1894709,-73.1674697,Bridgeport Hospital (The Connecticut Burn Center),0.0,0.0
Danbury Hospital,Danbury,Connecticut,41.405218,-73.4451587,Bridgeport Hospital (The Connecticut Burn Center),20.736463670860168,0.014485268118197659
Norwalk Hospital,Norwalk,Connecticut,41.1108289,-73.4219525,Bridgeport Hospital (The Connecticut Burn Center),14.311599025243257,0.009997237348241912
St. Vincent's Medical Center ,Bridgeport,Connecticut,41.2013781,-73.2014028,Bridgeport Hospital (The Connecticut Burn Center),1.9466196909812783,0.0013597934824176913
Stamford Hospital,Stamford,Connecticut,,,,,
Hartford Hospital,Hartford,Connecticut,41.7540689,-72.6793902,Bridgeport Hospital (The Connecticut Burn Center),46.47882102930079,0.03246735774785162
Saint Francis Hospital and Medical Center,Hartford,Connecticut,41.7741413,-72.6980837,Bridgeport Hospital (The Connecticut Burn Center),47.140807558744854,0.03292978241783561
Saint Mary's Hospital,Waterbury,Connecticut,41.5527794,-73.0363478,Bridgeport Hospital (The Connecticut Burn Center),26.00687878935135,0.018166868669637317
Waterbury Hospital,Waterbury,Connecticut,41.5606248,-73.0592343,Bridgeport Hospital (The Connecticut Burn Center),26.251372163103866,0.018337657292429577
Yale-New Haven Hospital,New Haven,Connecticut,41.3046035,-72.9355941,Bridgeport Hospital (The Connecticut Burn Center),14.435593859893661,0.010083852812367873
Yale-New Haven Hospital-Saint Raphael,New Haven,Connecticut,,,,,
ChristianaCare,Newark,Delaware,,,,,
MedStar Washington Hospital Center (The Burn Center at MedStar Washington Hospital Center),Washington,District of Columbia,38.9287492,-77.0147693,MedStar Washington Hospital Center (The Burn Center at MedStar Washington Hospital Center),0.0,0.0
George Washington University Hospital,Washington,District of Columbia,38.9013767,-77.0506159,Children's National Health System (Children's National Trauma and Burn Center),2.6493523872182942,0.001850681016665949
Howard University Hospital,Washington,District of Columbia,38.9178339,-77.0201005,Children's National Health System (Children's National Trauma and Burn Center),0.7150013446642682,0.0004994576870350315
UF Health Shands Hospital (UF Health Shands Burn Center),Gainesville,Florida,29.6322712,-82.3619053,UF Health Shands Hospital (UF Health Shands Burn Center),0.0,0.0
Ascension Sacred Heart Bay,Panama City,Florida,30.1596184,-85.6488391,USA Health University Hospital (Arnold Luterman Regional Burn Center),150.9528065657925,0.10544671024947383
Health First Holmes Regional Medical Center,Melbourne,Florida,28.0881188,-80.6142983,Orlando Regional Medical Center/Arnold Palmer Hospital for Children (Warden Burn Center),55.39865235257143,0.03869822480105315
Memorial Regional Hospital/Joe DiMaggio Children's Hospital,Hollywood,Florida,26.019349,-80.17892,Jackson Memorial Hospital (Miami Burn Center),15.86990847354804,0.011085780241962764
Broward Health Medical Center,Fort Lauderdale,Florida,26.1027303,-80.1411666,Jackson Memorial Hospital (Miami Burn Center),21.945855100623746,0.0153300775031553
Broward Health North,Pompano Beach,Florida,26.2749092,-80.120057,Jackson Memorial Hospital (Miami Burn Center),33.87966771401127,0.02366633377717778
Orange Park Medical Center,Orange Park,Florida,30.1660818,-81.7377167,UF Health Shands Hospital (UF Health Shands Burn Center),52.5183533223365,0.03668621810715543
Shands Jacksonville Medical Center,Jacksonville,Florida,30.3484582,-81.6649149,UF Health Shands Hospital (UF Health Shands Burn Center),64.71762693746254,0.04520790974981848
Baptist Hospital,Pensacola,Florida,30.4296917,-87.2322211,USA Health University Hospital (Arnold Luterman Regional Burn Center),55.178248499329214,0.03854426369374131
Ascension Sacred Heart Pensacola,Pensacola,Florida,30.497949,-87.1873287,USA Health University Hospital (Arnold Luterman Regional Burn Center),56.27831865821403,0.0393127076991031
Tampa General Hospital (Tampa General Hospital Regional Burn Center),Tampa,Florida,27.9375006,-82.4589003,Tampa General Hospital (Tampa General Hospital Regional Burn Center),0.0,0.0
St. Joseph's Hospital,Tampa,Florida,27.9827502,-82.4914637,Tampa General Hospital (Tampa General Hospital Regional Burn Center),3.7046307151677187,0.0025878360958683545
Lee Memorial Hospital,Fort Myers,Florida,26.6274479,-81.8739578,Blake Medical Center (Burn Center at Blake Medical Center),74.8930231780658,0.052315840257813565
Tallahassee Memorial HealthCare,Tallahassee,Florida,30.4572965,-84.2610481,UF Health Shands Hospital (UF Health Shands Burn Center),127.08667722486513,0.08877524263888403
Blake Medical Center (Burn Center at Blake Medical Center),Bradenton,Florida,27.4821165,-82.6225513,Blake Medical Center (Burn Center at Blake Medical Center),0.0,0.0
Ocala Regional Medical Center,Ocala,Florida,29.1749816,-82.136077,UF Health Shands Hospital (UF Health Shands Burn Center),34.396029426640816,0.024027033555699875
Kendall Regional Medical Center (Burn and Reconstructive Centers of FL),Miami,Florida,25.7310036,-80.3862433,Kendall Regional Medical Center (Burn and Reconstructive Centers of FL),0.0,0.0
Jackson Memorial Hospital (Miami Burn Center),Miami,Florida,25.7916705,-80.2126015,Jackson Memorial Hospital (Miami Burn Center),0.0,0.0
Aventura Hospital and Medical Center,Miami,Florida,25.9699925,-80.1450406,Jackson Memorial Hospital (Miami Burn Center),13.01713718724435,0.00909300280324867
Jackson South Community Hospital,Palmetto Bay,Florida,25.6289305,-80.3410617,Kendall Regional Medical Center (Burn and Reconstructive Centers of FL),7.593107712594426,0.00530409634029573
Fort Walton Beach Medical Center,Fort Walton Beach,Florida,30.4542206,-86.6336144,USA Health University Hospital (Arnold Luterman Regional Burn Center),89.06917795359634,0.06221846425715964
Orlando Regional Medical Center/Arnold Palmer Hospital for Children (Warden Burn Center),Orlando,Florida,28.526788,-81.3766026,Orlando Regional Medical Center/Arnold Palmer Hospital for Children (Warden Burn Center),0.0,0.0
Osceola Regional Medical Center,Kissimmee,Florida,28.2993881,-81.4098639,Orlando Regional Medical Center/Arnold Palmer Hospital for Children (Warden Burn Center),15.84147629048886,0.01106591919905135
Delray Medical Center,Delray Beach,Florida,26.4363684,-80.1270227,Jackson Memorial Hospital (Miami Burn Center),44.860114739956664,0.03133662519007651
St. Mary's Medical Center,Mangonia Park,Florida,26.7531938,-80.0625877,Jackson Memorial Hospital (Miami Burn Center),67.08254584461538,0.04685990234564583
Regional Medical Center Bayonet Point,Hudson,Florida,28.3612023,-82.6880098,Tampa General Hospital (Tampa General Hospital Regional Burn Center),32.43237808916344,0.02265534277150951
Bayfront Health St. Petersburg,St Petersburg,Florida,27.7635581,-82.6429823,Tampa General Hospital (Tampa General Hospital Regional Burn Center),16.459288974881737,0.011497486631295357
Lakeland Regional Medical Center,Lakeland,Florida,28.0612543,-81.9533367,Tampa General Hospital (Tampa General Hospital Regional Burn Center),32.00611629162513,0.02235758146929847
Sarasota Memorial Health Care System,Sarasota,Florida,27.3186485,-82.5317847,Blake Medical Center (Burn Center at Blake Medical Center),12.592483973566345,0.008796365162664651
Central Florida Regional Hospital,Sanford,Florida,28.815171,-81.2837153,Orlando Regional Medical Center/Arnold Palmer Hospital for Children (Warden Burn Center),20.705957034870348,0.01446395798505679
Lawnwood Regional Medical Center,Fort Pierce,Florida,27.4322399,-80.3455244,Orlando Regional Medical Center/Arnold Palmer Hospital for Children (Warden Burn Center),98.37372110893729,0.0687180682620533
Halifax Health Medical Center,Daytona Beach,Florida,29.2014048,-81.0541387,Orlando Regional Medical Center/Arnold Palmer Hospital for Children (Warden Burn Center),50.53124895253999,0.03529814442052231
Florida Memorial Hospital (Jacksonville),Jacksonville,Florida,30.2881412,-81.6011302,UF Health Shands Hospital (UF Health Shands Burn Center),64.24585894451575,0.04487836050864187
Piedmont Athens Regional Medical Center,Athens,Georgia,33.9606703,-83.400271,Grady Memorial Hospital (Grady Burn Center),58.15051600335825,0.04062051412863915
WellStar Atlanta Medical Center,Atlanta,Georgia,33.7628585,-84.3730968,Grady Memorial Hospital (Grady Burn Center),0.9235055389902079,0.0006451063958273703
Grady Memorial Hospital (Grady Burn Center),Atlanta,Georgia,33.7517323,-84.3820052,Grady Memorial Hospital (Grady Burn Center),0.0,0.0
Augusta University Medical Center,Augusta,Georgia,33.4762243,-81.9853201,Doctors Hospital of Augusta (Joseph M. Still Burn Center),6.332674949025852,0.004423632495782637
Doctors Hospital of Augusta (Joseph M. Still Burn Center),Augusta,Georgia,33.4864304,-82.0945236,Doctors Hospital of Augusta (Joseph M. Still Burn Center),0.0,0.0
Piedmont Columbus Regional Midtown,Columbus,Georgia,32.4806319,-84.9827326,Grady Memorial Hospital (Grady Burn Center),94.45518329946596,0.06598080931074761
Northeast Georgia Medical Center,Gainesville,Georgia,34.3044194,-83.8162307,Grady Memorial Hospital (Grady Burn Center),50.07864927418112,0.03498198503118288
Northside Hospital - Gwinnett,Lawrenceville,Georgia,33.9630741,-84.0176751,Grady Memorial Hospital (Grady Burn Center),25.499482828186434,0.01781243183526557
Atrium Health Navicent The Medical Center,Macon,Georgia,32.8338837,-83.6358767,Grady Memorial Hospital (Grady Burn Center),76.67237406991325,0.053558789641752334
WellStar Kennestone Hospital,Marietta,Georgia,33.9685978,-84.552905,Joseph M. Still Burn Center at WellStar Cobb Hospital ,8.22032317820038,0.005742231999846477
Atrium Health Floyd,Rome,Georgia,34.2591386,-85.1783506,Joseph M. Still Burn Center at WellStar Cobb Hospital ,42.9959563860167,0.030034434324738943
WellStar North Fulton Hospital,Roswell,Georgia,34.0631381,-84.3201691,Joseph M. Still Burn Center at WellStar Cobb Hospital ,21.615313405914563,0.015099180608289168
Memorial Health University Medical Center,Savannah,Georgia,32.0300585,-81.0888859,MUSC Health University Medical Center (South Carolina Burn Center at MUSC),84.56493951845503,0.05907206946020117
The Queen's Medical Center,Honolulu,Hawaii,21.3081251,-157.8539123,Straub Burn Center,0.4347799039989918,0.00030371154801480147
Tripler Army Medical Center,Honolulu,Hawaii,21.359736,-157.8901012,Straub Burn Center,4.693195498014592,0.0032783890348377603
Saint Alphonsus Regional Medical Center,Boise,Idaho,43.6126476,-116.2574254,Eastern Idaho Regional Medical Center (Burn Center at EIRMC),213.83038893054623,0.14936927359654106
Portneuf Medical Center,Pocatello,Idaho,42.8725109,-112.42095,Eastern Idaho Regional Medical Center (Burn Center at EIRMC),46.61334397334241,0.032561327527049336
Eastern Idaho Regional Medical Center (Burn Center at EIRMC),Idaho Falls,Idaho,43.4702675,-111.9920955,Eastern Idaho Regional Medical Center (Burn Center at EIRMC),0.0,0.0
Blessing Hospital,Quincy,Illinois,39.9357724,-91.3998052,University of Missouri Health System (George D. Peak Memorial Burn & Wound Center),84.84966356714446,0.059270960855109585
Carle Foundation Hospital	,Urbana,Illinois,40.1171082,-88.216048,Memorial Medical Center (Regional Burn Center),79.1407248859612,0.05528303365692021
Loyola University Medical Center (Loyola Burn Center),Maywood,Illinois,41.8582703,-87.8351638,Loyola University Medical Center (Loyola Burn Center),0.0,0.0
Advocate Christ Medical Center,Oak Lawn,Illinois,41.7235705,-87.732089,University of Chicago Medical Center (University of Chicago Burn Center),7.953063829118889,0.0055555404120237895
AMITA Health Adventist Medical Center La Grange,La Grange,Illinois,41.7966188,-87.8860193,Loyola University Medical Center (Loyola Burn Center),5.000122335456272,0.003492789985915104
Gottlieb Memorial Hospital,Melrose Park,Illinois,,,,,
MacNeal Hospital	,Berwyn,Illinois,,,,,
Advocate Lutheran General Hospital,Park Ridge,Illinois,42.0387108,-87.8484716,Loyola University Medical Center (Loyola Burn Center),12.486114744982038,0.008722061905367472
AMITA Health Alexian Brothers Medical Center,Elk Grove Village,Illinois,,,,,
Northwest Community Healthcare,Arlington Heights,Illinois,42.0688787,-87.992891,Loyola University Medical Center (Loyola Burn Center),16.655937545752437,0.01163485370213904
AMITA Health St. Alexius Medical Center Hoffman Estates,Hoffman Estates,Illinois,42.0530292,-88.1412717,Loyola University Medical Center (Loyola Burn Center),20.69955972155105,0.014459489200015281
NorthShore Evanston Hospital,Evanston,Illinois,42.065915,-87.6843518,John H. Stroger Jr. Hospital of Cook County (Sumner L. Koch Burn Center),13.393867112660072,0.00935616406663534
NorthShore Glenbrook Hospital,Glenview,Illinois,42.0924755,-87.854073,Loyola University Medical Center (Loyola Burn Center),16.211320197998482,0.01132427029725172
AMITA Health Saint Francis Hospital Evanston,Evanston,Illinois,42.0247437,-87.6833811,John H. Stroger Jr. Hospital of Cook County (Sumner L. Koch Burn Center),10.549671578363768,0.007369377141497422
Advocate Illinois Masonic Medical Center	,Chicago,Illinois,41.9359581,-87.6523731,John H. Stroger Jr. Hospital of Cook County (Sumner L. Koch Burn Center),4.540488481593949,0.0031717169372471074
John H. Stroger Jr. Hospital of Cook County (Sumner L. Koch Burn Center),Chicago,Illinois,41.8722219,-87.6738751,John H. Stroger Jr. Hospital of Cook County (Sumner L. Koch Burn Center),0.0,0.0
Mount Sinai Hospital	,Chicago,Illinois,41.8617989,-87.6935988,John H. Stroger Jr. Hospital of Cook County (Sumner L. Koch Burn Center),1.244424640933234,0.0008692815160253414
Northwestern Memorial Hospital,Chicago,Illinois,41.8946073,-87.6212136,John H. Stroger Jr. Hospital of Cook County (Sumner L. Koch Burn Center),3.1194086559535505,0.0021790345484611474
University of Chicago Medical Center (University of Chicago Burn Center),Chicago,Illinois,41.7882101,-87.6044182,University of Chicago Medical Center (University of Chicago Burn Center),0.0,0.0
AMITA Health Adventist Medical Center GlenOaks,Glendale Heights,Illinois,41.9149461,-88.0571349,Loyola University Medical Center (Loyola Burn Center),12.070677767878394,0.00843186218302927
AMITA Health Adventist Medical Center Hinsdale,Hinsdale,Illinois,41.8056888,-87.9205187,Loyola University Medical Center (Loyola Burn Center),5.7016454289614815,0.003982832563175284
Advocate Good Samaritan Hospital	,Downers Grove,Illinois,41.8200584,-88.0083351,Loyola University Medical Center (Loyola Burn Center),9.297020765733576,0.006494349308042643
Northwestern Medicine Central Dupage Hospital	,Winfield,Illinois,41.8731919,-88.1558292,Loyola University Medical Center (Loyola Burn Center),16.53204686908669,0.011548310996626041
Edward Hospital	,Naperville,Illinois,41.7600377,-88.1526392,Loyola University Medical Center (Loyola Burn Center),17.702974538963524,0.012366251871907345
Elmhurst Memorial Hospital	,Elmhurst,Illinois,41.8642605,-87.9353455,Loyola University Medical Center (Loyola Burn Center),5.17180910823101,0.003612720219703467
Memorial Hospital of Carbondale	,Carbondale,Illinois,37.7279488,-89.2204936,Barnes-Jewish Hospital (Burn Center),84.61987674373309,0.059110445359315575
AMITA Health St. Mary's Hospital,Kankakee,Illinois,41.121007,-87.8718094,University of Chicago Medical Center (University of Chicago Burn Center),48.13435915820309,0.03362381885219837
Riverside Medical Center,Kankakee,Illinois,41.1242397,-87.8829562,University of Chicago Medical Center (University of Chicago Burn Center),48.09033759469322,0.033593067989344215
Advocate Sherman Hospital	,Elgin,Illinois,42.0699256,-88.3311591,Loyola University Medical Center (Loyola Burn Center),29.38031827003428,0.02052335414053626
Northwestern Medicine Delnor Hospital,Geneva,Illinois,41.8854417,-88.3439492,Loyola University Medical Center (Loyola Burn Center),26.24430263327807,0.018332718936660643
AMITA Health Mercy Medical Center	,Aurora,Illinois,41.7852547,-88.3253583,Loyola University Medical Center (Loyola Burn Center),25.73956220365304,0.017980137099696467
AMITA Health Saint Joseph Hospital	,Elgin,Illinois,42.0351835,-88.32796,Loyola University Medical Center (Loyola Burn Center),28.12039669504477,0.01964324738215628
Rush Copley Medical Center	,Aurora,Illinois,41.7311915,-88.2669372,Loyola University Medical Center (Loyola Burn Center),23.911978874763385,0.01670349538549155
Advocate Good Shepherd Hospital	,Barrington,Illinois,,,,,
Advocate Condell Medical Center	,Libertyville,Illinois,42.2732057,-87.95563,Loyola University Medical Center (Loyola Burn Center),29.327917667002282,0.02048675017582359
NorthShore Highland Park Hospital,Highland Park,Illinois,42.190441,-87.8076599,Loyola University Medical Center (Loyola Burn Center),22.994408575481362,0.01606253499738678
Northwestern Medicine Lake Forest Hospital	,Lake Forest,Illinois,42.2510836,-87.8635104,Loyola University Medical Center (Loyola Burn Center),27.18001147761261,0.01898634984045845
Vista Medical Center East	,Waukegan,Illinois,42.3784222,-87.8311026,John H. Stroger Jr. Hospital of Cook County (Sumner L. Koch Burn Center),35.89149836481075,0.025071679782542725
Decatur Memorial Hospital	,Decatur,Illinois,39.8678159,-88.9615567,Memorial Medical Center (Regional Burn Center),37.03037555645303,0.02586723208772293
Morris Hospital & Healthcare Centers,Morris,Illinois,41.3699631,-88.4270152,Loyola University Medical Center (Loyola Burn Center),45.53060989754559,0.03180499348487293
Northwestern Medicine Huntley,Huntley,Illinois,42.1781895,-88.4006903,OSF Saint Anthony Medical Center (w/ Burn Unit),31.577781725453207,0.02205837225340834
Northwestern Medicine McHenry Hospital,McHenry,Illinois,42.3180217,-88.2806473,OSF Saint Anthony Medical Center (w/ Burn Unit),37.263485691130015,0.026030069052379076
Carle BroMenn Medical Center,Normal,Illinois,40.4966722,-88.9908518,Memorial Medical Center (Regional Burn Center),59.085767649799756,0.041273825661006576
OSF St. Joseph Medical Center	,Bloomington,Illinois,40.4821308,-88.9551966,Memorial Medical Center (Regional Burn Center),59.43552438066717,0.04151814504463794
OSF St. Francis Medical Center/OSF Children's Hospital of Illinois	,Peoria,Illinois,40.7023663,-89.5899846,Memorial Medical Center (Regional Burn Center),61.847816410319695,0.04320322970437243
UnityPoint Health - Methodist Hospital,Peoria,Illinois,40.7006531,-89.5953017,Memorial Medical Center (Regional Burn Center),61.71463265382646,0.04311019540245797
"Genesis Medical Center, Silvis",Silvis,Illinois,41.4942552,-90.4189067,University of Iowa Hospitals and Clinics/Stead Family Children's Hospital (UI Burn Center),59.516556908445864,0.041574749580001374
UnityPoint Health - Trinity Rock Island,Rock Island,Illinois,41.4823801,-90.5698144,University of Iowa Hospitals and Clinics/Stead Family Children's Hospital (UI Burn Center),52.071154888573425,0.03637383170810904
Memorial Medical Center (Regional Burn Center),Springfield,Illinois,39.808629,-89.65526,Memorial Medical Center (Regional Burn Center),0.0,0.0
St. John's Hospital/St. John's Children's Hospital	,Springfield,Illinois,39.8060876,-89.6448957,Memorial Medical Center (Regional Burn Center),0.5774632486417529,0.0004033817008410988
Presence St. Joseph Medical Center	,Joliet,Illinois,,,,,
Silver Cross Hospital	,New Lenox,Illinois,41.5439385,-87.9848497,Loyola University Medical Center (Loyola Burn Center),23.050364649536146,0.016101622604048675
AMITA Health Adventist Medical Center Bolingbrook	,Bolingbrook,Illinois,41.6814308,-88.0846096,Loyola University Medical Center (Loyola Burn Center),17.735016434518297,0.012388634446655536
OSF Saint Anthony Medical Center (w/ Burn Unit),Rockford,Illinois,42.26604,-89.0063305,OSF Saint Anthony Medical Center (w/ Burn Unit),0.0,0.0
Mercyhealth Javon Bea Hospital - Riverside Campus,Rockford,Illinois,42.3160959,-88.9603764,OSF Saint Anthony Medical Center (w/ Burn Unit),4.18072272561484,0.0029204058401468514
SwedishAmerican - A Division of UW Health,Rockford,Illinois,42.265438,-89.0743151,OSF Saint Anthony Medical Center (w/ Burn Unit),3.476433087782655,0.0024284307185062416
Lutheran Hospital (Lutheran Hospital Burn Center),Fort Wayne,Indiana,41.0389971,-85.2497135,Lutheran Hospital (Lutheran Hospital Burn Center),0.0,0.0
Parkview Regional Medical Center,Fort Wayne,Indiana,41.1865271,-85.1012666,Lutheran Hospital (Lutheran Hospital Burn Center),12.791517167950236,0.008935397990577514
Ascension St. Vincent Indianapolis Hospital/Peyton Manning Children's Hospital (Burn Center),Indianapolis,Indiana,39.9118493,-86.1982465,Ascension St. Vincent Indianapolis Hospital/Peyton Manning Children's Hospital (Burn Center),0.0,0.0
Eskenazi Health (Richard M. Fairbanks Burn Center),Indianapolis,Indiana,39.7782095,-86.184366,Eskenazi Health (Richard M. Fairbanks Burn Center),0.0,0.0
Indiana University Health Methodist Hospital,Indianapolis,Indiana,39.7675381,-86.1634783,Riley Hospital for Children at Indiana University Health (Burn Program at Riley IU Health),1.1063430681660025,0.0007728258890938088
Memorial Hospital of South Bend,South Bend,Indiana,41.6839974,-86.2506195,Bronson Methodist Hospital (Bronson Methodist Hospital Burn Center),53.92183930443463,0.03766661047653477
Ascension St. Vincent Evansville,Evansville,Indiana,37.9657196,-87.5041626,UL Hospital (University of Louisville Burn Center),97.60838793529852,0.06818345173360986
Deaconess Midtown Hospital,Evansville,Indiana,37.9838544,-87.5714263,UL Hospital (University of Louisville Burn Center),100.94752014714646,0.0705159721738572
University of Iowa Hospitals and Clinics/Stead Family Children's Hospital (UI Burn Center),Iowa City,Iowa,41.6584652,-91.5492715,University of Iowa Hospitals and Clinics/Stead Family Children's Hospital (UI Burn Center),0.0,0.0
UnityPoint Health - Iowa Methodist Medical Center/Blank Children's Hospital,Des Moines,Iowa,41.589827,-93.6347732,University of Iowa Hospitals and Clinics/Stead Family Children's Hospital (UI Burn Center),107.81598422002808,0.07531387528959957
MercyOne Des Moines Medical Center,Des Moines,Iowa,41.5993907,-93.625627,University of Iowa Hospitals and Clinics/Stead Family Children's Hospital (UI Burn Center),107.30897873263346,0.07495971121712905
MercyOne Siouxland Medical Center,Sioux City,Iowa,42.4971549,-96.4006147,CHI Health St. Elizabeth Regional Burn Center,117.2743287482639,0.08192091584484677
Overland Park Regional Medical Center,Overland Park,Kansas,38.9369489,-94.7259332,HCA Research Medical Center (The Grossman Burn Center),10.252744623326185,0.00716196151733372
Ascension Via Christi St. Francis (Ascension Via Christi Regional Burn Center),Wichita,Kansas,37.6981691,-97.3327118,Ascension Via Christi St. Francis (Ascension Via Christi Regional Burn Center),0.0,0.0
Wesley Healthcare Center/Wesley Children's Hospital,Wichita,Kansas,37.6964124,-97.2977983,Ascension Via Christi St. Francis (Ascension Via Christi Regional Burn Center),1.9126067667915694,0.00133603406354126
Stormont Vail Health,Topeka,Kansas,39.0525284,-95.6963518,The University of Kansas Hospital (Burnett Burn Center),58.34022464800771,0.04075303337713324
The University of Kansas Hospital (Burnett Burn Center),Kansas City,Kansas,39.0559267,-94.6090332,The University of Kansas Hospital (Burnett Burn Center),0.0,0.0
University of Kentucky Albert B. Chandler Hospital ,Lexington,Kentucky,38.032772,-84.506765,UL Hospital (University of Louisville Burn Center),68.92000884560954,0.048143445414952815
UL Hospital (University of Louisville Burn Center),Louisville,Kentucky,38.2483107,-85.7450689,UL Hospital (University of Louisville Burn Center),0.0,0.0
Pikeville Medical Center,Pikeville,Kentucky,37.4733601,-82.5213905,Cabell Huntington Hospital (Cabell Huntington Burn Intensive Care Unit),64.92777130986394,0.04535470419008952
Ochsner LSU Health Shreveport (LSU Health Burn Center),Shreveport,Louisiana,32.4811491,-93.7607856,Ochsner LSU Health Shreveport (LSU Health Burn Center),0.0,0.0
Our Lady of the Lake Regional Medical Center,Baton Rouge,Louisiana,30.4037402,-91.1062235,Baton Rouge General Regional Burn Center,0.9348889028771541,0.0006530581411493625
Ochsner Lafayette General Medical Center,Lafayette,Louisiana,,,,,
University Medical Center New Orleans (UMC Burn Center),New Orleans,Louisiana,29.9597986,-90.0821311,University Medical Center New Orleans (UMC Burn Center),0.0,0.0
Rapides Regional Medical Center - Alexandria,Alexandria,Louisiana,,,,,
Lakeview Regional Medical Center,Covington,Louisiana,30.4111304,-90.0803218,University Medical Center New Orleans (UMC Burn Center),31.18454923185285,0.021783683271091987
North Oaks Medical Center,Hammond,Louisiana,,,,,
Maine Medical Center (Maine Medical Center Burn Unit),Portland,Maine,43.6531775,-70.2762545,Maine Medical Center (Maine Medical Center Burn Unit),0.0,0.0
Northern Light Eastern Maine Medical Center,Bangor,Maine,44.8084356,-68.7511855,Maine Medical Center (Maine Medical Center Burn Unit),109.86981536794181,0.07674856036026774
Johns Hopkins Hospital (Johns Hopkins Pediatric Burn Center),Baltimore,Maryland,39.2968851,-76.5924306,Johns Hopkins Hospital (Johns Hopkins Pediatric Burn Center),0.0,0.0
Johns Hopkins Bayview Medical Center (Johns Hopkins Adult Burn Center),Baltimore,Maryland,39.2908385,-76.5450507,Johns Hopkins Bayview Medical Center (Johns Hopkins Adult Burn Center),0.0,0.0
Sinai Hospital of Baltimore,Baltimore,Maryland,39.3528965,-76.6622872,Johns Hopkins Hospital (Johns Hopkins Pediatric Burn Center),5.37756654283683,0.0037564502044725723
Walter Reed National Military Medical Center,Bethesda,Maryland,39.0001457,-77.0936267,MedStar Washington Hospital Center (The Burn Center at MedStar Washington Hospital Center),6.5025308872548155,0.004542283816748808
Suburban Hospital,Bethesda,Maryland,38.998192,-77.1108161,MedStar Washington Hospital Center (The Burn Center at MedStar Washington Hospital Center),7.0460860006675325,0.004921979298088994
University of Maryland Capital Region Medical Center,Cheverly,Maryland,38.9306526,-76.9209679,Children's National Health System (Children's National Trauma and Burn Center),5.005643720715349,0.003496646899375907
St. Luke's Hospital,New Bedford,Massachusetts,41.6266537,-70.9379671,Rhode Island Hospital/Hasbro Children's Hospital (Rhode Island Burn Center),27.431674565070722,0.019162146801557794
Baystate Medical Center,Springfield,Massachusetts,42.1215221,-72.6030062,Rhode Island Hospital/Hasbro Children's Hospital (Rhode Island Burn Center),64.98258076619952,0.0453929908373711
"Lahey Hospital & Medical Center, Burlington",Burlington,Massachusetts,42.4847838,-71.2050997,Massachusetts General Hospital (Sumner M. Redstone Burn Center),10.923695015347691,0.0076306478120030845
South Shore Hospital,South Weymouth,Massachusetts,42.1755403,-70.9541427,Brigham and Women's Hospital (Burn Center),13.680024961897681,0.009556057029877593
Beth Israel Deaconess Medical Center,Boston,Massachusetts,42.3397971,-71.1048718,Brigham and Women's Hospital (Burn Center),0.30511048353524,0.00021313215357406958
Boston Medical Center,Boston,Massachusetts,,,,,
Brigham and Women's Hospital (Burn Center),Boston,Massachusetts,42.3368278,-71.1092936,Brigham and Women's Hospital (Burn Center),0.0,0.0
Massachusetts General Hospital (Sumner M. Redstone Burn Center),Boston,Massachusetts,42.3628605,-71.068753,Massachusetts General Hospital (Sumner M. Redstone Burn Center),0.0,0.0
Tufts Medical Center,Boston,Massachusetts,42.3497124,-71.0637752,Shriners Burn Center at Shriners Hospitals for Children-Boston,0.9318706858889697,0.0006509497931201763
McLaren Northern Michigan,Petoskey,Michigan,45.3729582,-84.970761,Spectrum Health - Butterworth Hospital/Helen DeVos Children's Hospital (Spectrum Health Regional Burn Center),169.6005745688058,0.11847293900366478
Ascension Genesys Hospital,Grand Blanc,Michigan,42.892137,-83.6424515,University of Michigan Health System/C.S. Mott Children's Hospital (UM Trauma Burn Center),42.36982388035463,0.02959705515700847
Hurley Medical Center/Hurley Children's Hospital (Hurley Medical Center Regional Burn Center),Flint,Michigan,,,,,
Munson Medical Center,Traverse City,Michigan,44.7608506,-85.6422724,Spectrum Health - Butterworth Hospital/Helen DeVos Children's Hospital (Spectrum Health Regional Burn Center),123.79184383564561,0.08647366673832668
Sparrow Hospital,Lansing,Michigan,42.7341598,-84.5352782,University of Michigan Health System/C.S. Mott Children's Hospital (UM Trauma Burn Center),51.66340821993059,0.036089003980809845
Henry Ford Allegiance Health,Jackson,Michigan,42.2512962,-84.3938707,University of Michigan Health System/C.S. Mott Children's Hospital (UM Trauma Burn Center),34.14782751239363,0.023853654365670836
Ascension Borgess Hospital,Kalamazoo,Michigan,42.3084383,-85.562373,Bronson Methodist Hospital (Bronson Methodist Hospital Burn Center),1.8735655777666695,0.0013087621959916543
Bronson Methodist Hospital (Bronson Methodist Hospital Burn Center),Kalamazoo,Michigan,42.2850893,-85.5810138,Bronson Methodist Hospital (Bronson Methodist Hospital Burn Center),0.0,0.0
Mercy Health Saint Mary's,Grand Rapids,Michigan,42.9590082,-85.6637586,Spectrum Health - Butterworth Hospital/Helen DeVos Children's Hospital (Spectrum Health Regional Burn Center),0.7112351129367341,0.0004968268201121794
Spectrum Health - Butterworth Hospital/Helen DeVos Children's Hospital (Spectrum Health Regional Burn Center),Grand Rapids,Michigan,42.9692817,-85.6646398,Spectrum Health - Butterworth Hospital/Helen DeVos Children's Hospital (Spectrum Health Regional Burn Center),0.0,0.0
Metro Health - University of Michigan Health,Wyoming,Michigan,,,,,
McLaren Lapeer Region,Lapeer,Michigan,43.0624982,-83.3214562,Detroit Receiving Hospital (Detroit Receiving Hospital Burn Center),50.83072705130343,0.035507342122935395
Henry Ford Macomb Hospital,Clinton Township,Michigan,,,,,
McLaren Macomb Hospital,Mount Clemens,Michigan,42.5876456,-82.8968689,Detroit Receiving Hospital (Detroit Receiving Hospital Burn Center),18.07329412324093,0.012624935249788008
UP Health System-Marquette,Marquette,Michigan,46.5547295,-87.4005914,Miller-Dwan Burn Center at Essentia Health Duluth,223.08166457270576,0.15583166806452092
MidMichigan Medical Center-Midland,Midland,Michigan,43.6393389,-84.2617999,Spectrum Health - Butterworth Hospital/Helen DeVos Children's Hospital (Spectrum Health Regional Burn Center),84.37113257617465,0.05893668738316725
Mercy Health Muskegon,Muskegon,Michigan,43.2224032,-86.2421924,Spectrum Health - Butterworth Hospital/Helen DeVos Children's Hospital (Spectrum Health Regional Burn Center),33.984869192125515,0.023739821313003718
"Ascension Providence Hospital, Southfield Campus",Southfield,Michigan,,,,,
"Providence Park Hospital, Novi Campus",Novi,Michigan,42.4882016,-83.5206089,University of Michigan Health System/C.S. Mott Children's Hospital (UM Trauma Burn Center),17.721803195424435,0.012379404458648787
Beaumont Hospital - Troy,Troy,Michigan,42.617582,-83.0943996,Detroit Receiving Hospital (Detroit Receiving Hospital Burn Center),18.364097852088964,0.012828073549982116
Beaumont Hospital - Royal Oak,Royal Oak,Michigan,42.5158223,-83.1904061,Detroit Receiving Hospital (Detroit Receiving Hospital Burn Center),13.183235727347801,0.009209029427924348
Beaumont Hospital - Farmington Hills,Farmington Hills,Michigan,42.4451219,-83.3245969,Detroit Receiving Hospital (Detroit Receiving Hospital Burn Center),15.158020050057655,0.01058849705770459
McLaren Oakland,Pontiac,Michigan,42.6384742,-83.291472,Detroit Receiving Hospital (Detroit Receiving Hospital Burn Center),23.095576166123188,0.01613320469780336
St. Joseph Mercy Oakland,Pontiac,Michigan,42.6156063,-83.2752186,Detroit Receiving Hospital (Detroit Receiving Hospital Burn Center),21.317113128719303,0.014890875516511914
Ascension St. Mary's of Michigan,Saginaw ,Michigan,43.4243261,-83.9385504,University of Michigan Health System/C.S. Mott Children's Hospital (UM Trauma Burn Center),79.64230063589372,0.055633404835665035
Covenant HealthCare,Saginaw ,Michigan,43.4284712,-83.9566919,University of Michigan Health System/C.S. Mott Children's Hospital (UM Trauma Burn Center),80.05423453189982,0.055921157512559855
St. Joseph Mercy Ann Arbor,Ypsilanti,Michigan,42.2596347,-83.6609893,University of Michigan Health System/C.S. Mott Children's Hospital (UM Trauma Burn Center),3.729985280762325,0.002605547297087992
University of Michigan Health System/C.S. Mott Children's Hospital (UM Trauma Burn Center),Ann Arbor,Michigan,42.2821095,-83.7273205,University of Michigan Health System/C.S. Mott Children's Hospital (UM Trauma Burn Center),0.0,0.0
Ascension St. John Hospital,Detroit,Michigan,42.4203545,-82.9137419,Detroit Receiving Hospital (Detroit Receiving Hospital Burn Center),8.5530651596376,0.005974665884996893
Beaumont Hospital - Trenton,Trenton,Michigan,42.1162283,-83.2115665,Detroit Receiving Hospital (Detroit Receiving Hospital Burn Center),18.246957560208937,0.012746246264372634
Beaumont Hospital - Dearborn,Dearborn,Michigan,42.2901126,-83.2147366,Detroit Receiving Hospital (Detroit Receiving Hospital Burn Center),9.271196812296957,0.006476310220214619
DMC - Sinai-Grace Hospital,Detroit,Michigan,42.4190793,-83.1823821,Detroit Receiving Hospital (Detroit Receiving Hospital Burn Center),7.939274012735614,0.00554590766119496
Detroit Receiving Hospital (Detroit Receiving Hospital Burn Center),Detroit,Michigan,42.3534138,-83.0547199,Detroit Receiving Hospital (Detroit Receiving Hospital Burn Center),0.0,0.0
Henry Ford Hospital,Detroit,Michigan,42.3678522,-83.0855196,Detroit Receiving Hospital (Detroit Receiving Hospital Burn Center),1.8622303170840468,0.0013008440527255878
St. Mary Mercy Livonia Hospital,Livonia,Michigan,,,,,
Mercy Hospital,Coon Rapids,Minnesota ,45.1826851,-93.3683036,Hennepin Healthcare/Hennepin Healthcare Children's Hospital (Hennepin Healthcare Burn Center),15.444761902514129,0.010788797971084408
Essentia Health St. Mary's Medical Center,Duluth,Minnesota ,46.7929137,-92.0942394,Miller-Dwan Burn Center at Essentia Health Duluth,0.020061480187871017,1.4013764544510102e-05
St. Luke's Hospital,Duluth,Minnesota ,46.7964427,-92.0879126,Miller-Dwan Burn Center at Essentia Health Duluth,0.36608151288485186,0.00025572291165075717
Hennepin Healthcare/Hennepin Healthcare Children's Hospital (Hennepin Healthcare Burn Center),Minneapolis,Minnesota ,44.9720864,-93.2621894,Hennepin Healthcare/Hennepin Healthcare Children's Hospital (Hennepin Healthcare Burn Center),0.0,0.0
University of Minnesota Medical Center,Minneapolis,Minnesota ,44.9719889,-93.2328953,Hennepin Healthcare/Hennepin Healthcare Children's Hospital (Hennepin Healthcare Burn Center),1.4319331472517234,0.0010002638778965646
North Memorial Health Hospital,Robbinsdale,Minnesota ,45.013967,-93.320275,Hennepin Healthcare/Hennepin Healthcare Children's Hospital (Hennepin Healthcare Burn Center),4.0532761721985215,0.0028313792092671715
"Mayo Clinic Hospital, Saint Mary's Campus",Rochester,Minnesota ,44.0191461,-92.4799394,Regions Hospital/Gillette Children's Specialty Healthcare (Regions Hospital Burn Center),71.52579476609593,0.04996369347248017
CentraCare - St. Cloud Hospital,Saint Cloud,Minnesota ,,,,,
Regions Hospital/Gillette Children's Specialty Healthcare (Regions Hospital Burn Center),Saint Paul,Minnesota ,44.9565767,-93.0955384,Regions Hospital/Gillette Children's Specialty Healthcare (Regions Hospital Burn Center),0.0,0.0
Forrest General Hospital,Hattiesburg,Mississippi,,,,,
Memorial Hospital at Gulfport,Gulfport,Mississippi,30.3679172,-89.1154773,University Medical Center New Orleans (UMC Burn Center),64.26297728224519,0.04489031836778722
University of Mississippi Medical Center,Jackson,Mississippi,32.3309299,-90.1723002,Baton Rouge General Regional Burn Center,144.45773378435294,0.10090963622471763
North Mississippi Medical Center - Tupelo,Tupelo,Mississippi,34.2420289,-88.7160926,Regional One Health (Firefighters Regional One Burn Center),97.25780726379661,0.06793855679374125
University of Missouri Health System (George D. Peak Memorial Burn & Wound Center),Columbia,Missouri,38.938693,-92.3280373,University of Missouri Health System (George D. Peak Memorial Burn & Wound Center),0.0,0.0
Mosaic Life Care at St. Joseph - Medical Center,Saint Joseph,Missouri,,,,,
Liberty Hospital,Liberty,Missouri,39.274862,-94.4237237,Children's Mercy Kansas City (Children's Mercy Burn Unit),15.52420963047629,0.010844295458948298
North Kansas City Hospital,North Kansas City,Missouri,39.1499123,-94.5514429,Children's Mercy Kansas City (Children's Mercy Burn Unit),4.7362083239722645,0.0033084352532483665
Cox Medical Center South,Springfield,Missouri,37.145635,-93.2777944,Mercy Hospital Springfield (Mercy Burn Center Springfield),2.2443177285350124,0.0015677477392607646
Mercy Hospital Springfield (Mercy Burn Center Springfield),Springfield,Missouri,37.1779865,-93.2741438,Mercy Hospital Springfield (Mercy Burn Center Springfield),0.0,0.0
HCA Research Medical Center (The Grossman Burn Center),Kansas City,Missouri,39.009935,-94.559749,HCA Research Medical Center (The Grossman Burn Center),0.0,0.0
University Health Truman Medical Center,Kansas City,Missouri,39.0845711,-94.5752264,Children's Mercy Kansas City (Children's Mercy Burn Unit),0.12378162961116095,8.646653168470192e-05
St. Luke's Hospital of Kansas City,Kansas City,Missouri,39.046483,-94.590033,The University of Kansas Hospital (Burnett Burn Center),1.210430091260078,0.000845534932500349
Centerpoint Medical Center,Independence ,Missouri,39.0495917,-94.3481771,HCA Research Medical Center (The Grossman Burn Center),11.681718505022504,0.008160158227188357
Freeman Health System,Joplin,Missouri,37.0548988,-94.5249916,Mercy Hospital Springfield (Mercy Burn Center Springfield),69.43941947595196,0.04850627498721613
Mercy Hospital Joplin,Joplin,Missouri,37.0365178,-94.5098384,Mercy Hospital Springfield (Mercy Burn Center Springfield),68.78805196457745,0.04805126813573442
SSM Health DePaul Hospital - St. Louis,Bridgeton,Missouri,38.7510524,-90.4337646,Mercy Hospital St. Louis (Mercy Burn Center St. Louis),7.323996490447615,0.0051161111433843465
Mercy Hospital South,Saint Louis,Missouri,38.5074777,-90.3815537,Mercy Hospital St. Louis (Mercy Burn Center St. Louis),10.152766616881017,0.007092122790139543
Barnes-Jewish Hospital (Burn Center),Saint Louis,Missouri,38.6371648,-90.2643699,Barnes-Jewish Hospital (Burn Center),0.0,0.0
SSM Health St. Louis University Hospital,Saint Louis,Missouri,38.6242428,-90.2391508,Barnes-Jewish Hospital (Burn Center),1.627895488791417,0.001137151589481697
Mercy Hospital St. Louis (Mercy Burn Center St. Louis),Saint Louis,Missouri,38.6454887,-90.4460795,Mercy Hospital St. Louis (Mercy Burn Center St. Louis),0.0,0.0
Benefis Hospitals,Great Falls,Montana,47.4906909,-111.2617623,Eastern Idaho Regional Medical Center (Burn Center at EIRMC),280.02790181264373,0.19561094421478156
Providence St. Patrick Hospital,Missoula,Montana,46.8751479,-114.0002654,Eastern Idaho Regional Medical Center (Burn Center at EIRMC),254.75905516839927,0.1779596211883845
Billings Clinic,Billings,Montana,45.789606,-108.5136577,Eastern Idaho Regional Medical Center (Burn Center at EIRMC),234.3403394349281,0.1636963130022244
SCL Health - St. Vincent Healthcare,Billings,Montana,45.7933952,-108.517842,Eastern Idaho Regional Medical Center (Burn Center at EIRMC),234.36539263852467,0.16371381368976093
CHI Health Good Samaritan,Kearney ,Nebraska,40.7082656,-99.0813951,CHI Health St. Elizabeth Regional Burn Center,128.6455546184071,0.08986418226558537
CHI Health Creighton University Medical Center - Bergan Mercy,Omaha,Nebraska,41.2395005,-96.0311232,CHI Health St. Elizabeth Regional Burn Center,43.03457031408336,0.030061407733031717
Nebraska Medicine - Nebraska Medical Center,Omaha,Nebraska,41.2564327,-95.9774777,CHI Health St. Elizabeth Regional Burn Center,45.87206339418466,0.03204351271974437
Bryan Medical Center West,Lincoln,Nebraska,40.7894691,-96.6985518,CHI Health St. Elizabeth Regional Burn Center,3.9701791606136108,0.002773332547515492
Regional West Medical Center,Scottsbluff,Nebraska,41.8866642,-103.6634246,North Colorado Medical Center (Western States Burn Center),115.32351207532253,0.08055819059884856
Sunrise Hospital and Medical Center (Burn and Reconstructive Center of Sunrise Hospital),Las Vegas,Nevada,36.1326145,-115.1357813,Sunrise Hospital and Medical Center (Burn and Reconstructive Center of Sunrise Hospital),0.0,0.0
University Medical Center (Lions Burn Center),Las Vegas,Nevada,36.1602119,-115.1677488,University Medical Center (Lions Burn Center),0.0,0.0
Renown Regional Medical Center,Reno,Nevada,39.5254928,-119.79596,UC Davis Medical Center (UC Davis Regional Burn Center),111.524312283311,0.0779042941343698
Dartmouth-Hitchcock Medical Center,Lebanon,New Hampshire,43.6756843,-72.2701018,The University of Vermont Medical Center (University of Vermont Burn Center),72.04592956485011,0.050327028906001874
Concord Hospital,Concord,New Hampshire,43.2001803,-71.5633591,Massachusetts General Hospital (Sumner M. Redstone Burn Center),63.05668222690028,0.04404767192702106
Elliot Hospital,Manchester,New Hampshire,42.9835476,-71.4380586,Massachusetts General Hospital (Sumner M. Redstone Burn Center),46.80969216398965,0.032698484770019604
Portsmouth Regional Hospital,Portsmouth,New Hampshire,43.0646234,-70.7894029,Maine Medical Center (Maine Medical Center Burn Unit),48.1477134602968,0.033633147378480825
AtlantiCare Regional Medical Center,Atlantic City,New Jersey,39.3583729,-74.4343519,Thomas Jefferson University Hospital (Thomas Jefferson University Hospital Burn Center),56.11515250153467,0.039198729464200985
Hackensack University Medical Center,Hackensack,New Jersey,40.8837051,-74.0559409,NYC Health + Hospitals / Harlem Hospital (Harlem Burn Center),7.739750217466648,0.0054065321284953935
Cooper University Health Care,Camden,New Jersey,39.941225,-75.1163865,Thomas Jefferson University Hospital (Thomas Jefferson University Hospital Burn Center),2.275034086771432,0.0015892043719697635
New Jersey Trauma Center at the University Hospital,Newark,New Jersey,40.7405364,-74.1911759,The Burn Center at Cooperman Barnabas Medical Center,6.15669684282818,0.004300704590057418
Jersey City Medical Center - RWJBarnabas Health,Jersey City,New Jersey,40.7152568,-74.0508239,New York-Presbyterian Hospital/Weill Cornell Medical Center (William Randolph Hearst Burn Center),6.112532138705695,0.004269853737630056
Capital Health Regional Medical Center,Trenton,New Jersey,40.2361585,-74.7522293,St. Christopher's Hospital for Children (Stuart J. Hulnick Burn Center),25.26875511714064,0.01765125909097104
Robert Wood Johnson University Hospital,New Brunswick,New Jersey,,,,,
Jersey Shore University Medical Center,Neptune,New Jersey,,,,,
Morristown Medical Center,Morristown,New Jersey,40.789571,-74.4656846,The Burn Center at Cooperman Barnabas Medical Center,8.606879309064826,0.0060122572696890446
St. Joseph's University Medical Center,Paterson,New Jersey,40.9036081,-74.1657262,The Burn Center at Cooperman Barnabas Medical Center,12.110267126788845,0.008459516969667326
University of New Mexico Hospital (UNM Regional Burn Center),Albuquerque,New Mexico,35.0873833,-106.6175676,University of New Mexico Hospital (UNM Regional Burn Center),0.0,0.0
Albany Medical Center,Albany,New York,42.6532132,-73.7766789,Bridgeport Hospital (The Connecticut Burn Center),105.87357664525646,0.0739570241426548
NYC Health + Hospitals / Lincoln Medical & Mental Health Center,Bronx,New York,40.8170331,-73.9243702,NYC Health + Hospitals / Harlem Hospital (Harlem Burn Center),0.7959104443495967,0.000555976002826306
NYC Health + Hospitals / Jacobi Medical Center (Jacobi Burn Center),Bronx,New York,40.8546253,-73.8459143,NYC Health + Hospitals / Jacobi Medical Center (Jacobi Burn Center),0.0,0.0
St. Barnabas Hospital,Bronx,New York,40.8518592,-73.8931388,NYC Health + Hospitals / Jacobi Medical Center (Jacobi Burn Center),2.4754316196554877,0.0017291902461345106
UHS Wilson Medical Center,Johnson City,New York,42.1143524,-75.9581009,Upstate University Hospital/Upstate Golisano Children's Hospital (Clark Burn Center),64.67259768789954,0.045176454977035894
Mid Hudson Regional Hospital of Westchester Medical Center,Poughkeepsie,New York,41.7186129,-73.9272541,Westchester Medical Center/Maria Fareri Children's Hospital (Trauma Center at Westchester Medical Center),44.056032593880715,0.030774940919323375
Vassar Brothers Medical Center,Poughkeepsie,New York,41.6936055,-73.9348169,Westchester Medical Center/Maria Fareri Children's Hospital (Trauma Center at Westchester Medical Center),42.40614507679631,0.029622426998474897
"Erie County Medical Center (Roger W. Seibel, MD, Burn Treatment Center)",Buffalo,New York,42.9281229,-78.8341467,"Erie County Medical Center (Roger W. Seibel, MD, Burn Treatment Center)",0.0,0.0
Brookdale Hospital Medical Center,Brooklyn,New York,,,,,
Maimonides Medical Center/Maimonides Children's Hospital,Brooklyn,New York,40.6394203,-73.9981068,Staten Island University Hospital (Staten Island University Hospital Burn Center),5.8797425836268244,0.004107240710936796
NewYork Presbyterian Brooklyn Methodist Hospital,Brooklyn,New York,40.6678377,-73.9791449,New York-Presbyterian Hospital/Weill Cornell Medical Center (William Randolph Hearst Burn Center),6.821041265438638,0.0047647763448699166
NYC Health + Hospitals / Kings County,Brooklyn,New York,40.6564684,-73.9436745,New York-Presbyterian Hospital/Weill Cornell Medical Center (William Randolph Hearst Burn Center),7.497849958037752,0.005237554902131908
NYU Langone Hospital-Brooklyn ,Brooklyn,New York,40.6466733,-74.0209065,Staten Island University Hospital (Staten Island University Hospital Burn Center),5.396165280678142,0.0037694421836531908
University of Rochester Medical Center/Strong Memorial Hospital (Kessler Burn Center),Rochester,New York,,,,,
Mount Sinai South Nassau,Oceanside,New York,,,,,
Nassau University Medical Center (Nassau County Firefighters Burn Center),East Meadow,New York,40.7261484,-73.5537201,Nassau University Medical Center (Nassau County Firefighters Burn Center),0.0,0.0
North Shore University Hospital,Manhasset,New York,40.7778063,-73.7018789,Nassau University Medical Center (Nassau County Firefighters Burn Center),8.536849547832414,0.005963338616836469
NYU Langone Hospital-Long Island,Mineola,New York,40.7407697,-73.6425623,Nassau University Medical Center (Nassau County Firefighters Burn Center),4.7598905421997735,0.00332497825142318
Mount Sinai Morningside,New York,New York,40.8052373,-73.9613875,NYC Health + Hospitals / Harlem Hospital (Harlem Burn Center),1.3286319352304676,0.000928103755668713
NYC Health + Hospitals / Bellevue Hospital,New York,New York,40.9189179,-73.8096515,NYC Health + Hospitals / Jacobi Medical Center (Jacobi Burn Center),4.829233271679729,0.003373416984493
New York-Presbyterian Hospital/Weill Cornell Medical Center (William Randolph Hearst Burn Center),New York,New York,40.7647021,-73.9540033,New York-Presbyterian Hospital/Weill Cornell Medical Center (William Randolph Hearst Burn Center),0.0,0.0
NYC Health + Hospitals / Harlem Hospital (Harlem Burn Center),New York,New York,40.8147102,-73.9392782,NYC Health + Hospitals / Harlem Hospital (Harlem Burn Center),0.0,0.0
Upstate University Hospital/Upstate Golisano Children's Hospital (Clark Burn Center),Syracuse,New York,43.0408184,-76.1391437,Upstate University Hospital/Upstate Golisano Children's Hospital (Clark Burn Center),0.0,0.0
Garnet Health Medical Center,Middletown,New York,41.4423094,-74.3683176,Westchester Medical Center/Maria Fareri Children's Hospital (Trauma Center at Westchester Medical Center),38.105178407118224,0.026618025844710843
Jamaica Hospital Medical Center,Jamaica,New York,40.7003666,-73.8164967,New York-Presbyterian Hospital/Weill Cornell Medical Center (William Randolph Hearst Burn Center),8.461185730632057,0.005910484345424047
New York-Presbyterian - Queens,Flushing,New York,40.7560307,-73.8285353,New York-Presbyterian Hospital/Weill Cornell Medical Center (William Randolph Hearst Burn Center),6.593657852228007,0.0046059397294148235
NYC Health + Hospitals / Elmhurst,Elmhurst,New York,40.7390155,-73.8776666,New York-Presbyterian Hospital/Weill Cornell Medical Center (William Randolph Hearst Burn Center),4.372037252608017,0.003054046863148117
Staten Island University Hospital (Staten Island University Hospital Burn Center),Staten Island,New York,40.585438,-74.0847637,Staten Island University Hospital (Staten Island University Hospital Burn Center),0.0,0.0
Richmond University Medical Center,Staten Island,New York,40.6361272,-74.1055112,Staten Island University Hospital (Staten Island University Hospital Burn Center),3.6675047112999035,0.002561902063493381
Good Samaritan Hospital Medical Center,West Islip,New York,40.6940058,-73.2943415,Nassau University Medical Center (Nassau County Firefighters Burn Center),13.765202966030667,0.009615557350049016
South Shore University Hospital (SSUH),Bay Shore,New York,40.7260332,-73.2417981,Stony Brook Medicine (Suffolk County Volunteer Firefighters Burn Center),15.175658633695138,0.010600818329897845
Stony Brook Medicine (Suffolk County Volunteer Firefighters Burn Center),Stony Brook,New York,40.9253731,-73.1199288,Stony Brook Medicine (Suffolk County Volunteer Firefighters Burn Center),0.0,0.0
Westchester Medical Center/Maria Fareri Children's Hospital (Trauma Center at Westchester Medical Center),Valhalla,New York,41.087434,-73.8066939,Westchester Medical Center/Maria Fareri Children's Hospital (Trauma Center at Westchester Medical Center),0.0,0.0
Mission Hospitals,Asheville,North Carolina,35.5766889,-82.5492249,Wake Forest Baptist Medical Center/Brenner Children's Hospital (Wake Forest Baptist Burn Center),132.62492680585896,0.0926439365183966
Duke University Hospital,Durham,North Carolina,36.0070213,-78.9373479,University of North CarolinaHospitals/North Carolina Children's Hospital (North Carolina Jaycee Burn Center),9.476975620728078,0.006620055135475013
Wake Forest Baptist Medical Center/Brenner Children's Hospital (Wake Forest Baptist Burn Center),Winston-Salem,North Carolina,36.0898378,-80.2677122,Wake Forest Baptist Medical Center/Brenner Children's Hospital (Wake Forest Baptist Burn Center),0.0,0.0
Moses H. Cone Memorial Hospital,Greensboro,North Carolina,36.0914674,-79.7862926,Wake Forest Baptist Medical Center/Brenner Children's Hospital (Wake Forest Baptist Burn Center),26.8797759556996,0.01877662304699229
Carolinas Medical Center/Levine Children's Hospital,Charlotte,North Carolina,35.2038003,-80.8386847,Wake Forest Baptist Medical Center/Brenner Children's Hospital (Wake Forest Baptist Burn Center),69.10564368746132,0.04827311894555007
New Hanover Regional Medical Center,Wilmington,North Carolina,34.2050891,-77.9210562,University of North CarolinaHospitals/North Carolina Children's Hospital (North Carolina Jaycee Burn Center),133.70481980706003,0.09339828595375112
University of North CarolinaHospitals/North Carolina Children's Hospital (North Carolina Jaycee Burn Center),Chapel Hill,North Carolina,35.9050278,-79.0506418,University of North CarolinaHospitals/North Carolina Children's Hospital (North Carolina Jaycee Burn Center),0.0,0.0
Vidant Medical Center/Maynard Children's Hospital,Greenville,North Carolina,35.6075986,-77.4029042,University of North CarolinaHospitals/North Carolina Children's Hospital (North Carolina Jaycee Burn Center),94.6461732098839,0.06611422357579233
"WakeMed Health & Hospitals, Raleigh Campus",Raleigh,North Carolina,35.7826101,-78.5882427,University of North CarolinaHospitals/North Carolina Children's Hospital (North Carolina Jaycee Burn Center),27.244624169658042,0.019031484448893726
CHI St. Alexius Health Bismarck,Bismarck,North Dakota,46.8073409,-100.777008,Hennepin Healthcare/Hennepin Healthcare Children's Hospital (Hennepin Healthcare Burn Center),382.8185971402327,0.2674144496489524
Sanford Medical Center,Bismarck,North Dakota,46.8074941,-100.7823346,Hennepin Healthcare/Hennepin Healthcare Children's Hospital (Hennepin Healthcare Burn Center),383.06302482038024,0.2675851923820743
Essentia Health Fargo,Fargo,North Dakota,46.8332997,-96.8898929,Hennepin Healthcare/Hennepin Healthcare Children's Hospital (Hennepin Healthcare Burn Center),216.6678585053028,0.15135136216380893
Sanford Medical Center Fargo,Fargo,North Dakota,46.8844903,-96.786242,Hennepin Healthcare/Hennepin Healthcare Children's Hospital (Hennepin Healthcare Burn Center),214.7733895734626,0.150027998119926
Altru Health System,Grand Forks,North Dakota,47.9105416,-97.0689328,Miller-Dwan Burn Center at Essentia Health Duluth,245.29488735562313,0.17134851283067906
Trinity Health,Minot,North Dakota,48.232724,-101.292842,Miller-Dwan Burn Center at Essentia Health Duluth,440.37057735544676,0.3076168620459164
Lima Memorial Health System,Lima,Ohio,40.735896,-84.0858511,Lutheran Hospital (Lutheran Hospital Burn Center),64.29967232430276,0.044915951355708854
Mercy Health - St. Rita's Medical Center,Lima,Ohio,40.7404231,-84.1192008,Lutheran Hospital (Lutheran Hospital Burn Center),62.54949353852419,0.043693379881170995
Cleveland Clinic Hillcrest Hospital,Mayfield Heights,Ohio,41.5190161,-81.4356885,MetroHealth Medical Center (Burn Care Center at MetroHealth),14.064232084795103,0.009824441421566864
Fairview Hospital,Cleveland,Ohio,41.4493903,-81.8231575,MetroHealth Medical Center (Burn Care Center at MetroHealth),6.609569648651361,0.00461705477010319
MetroHealth Medical Center (Burn Care Center at MetroHealth),Cleveland,Ohio,41.4623879,-81.696703,MetroHealth Medical Center (Burn Care Center at MetroHealth),0.0,0.0
University Hospitals Cleveland Medical Center,Cleveland,Ohio,41.5057921,-81.606233,MetroHealth Medical Center (Burn Care Center at MetroHealth),5.560820898857544,0.0038844608683408716
Grant Medical Center,Columbus,Ohio,39.9605075,-82.9913476,Nationwide Children's Hospital (Burn Center at Nationwide Children's Hospital),0.9044867341797848,0.000631820982685602
Ohio State University Wexner Medical Center (The Ohio State Comprehensive Burn Center),Columbus,Ohio,39.9945101,-83.0164431,Ohio State University Wexner Medical Center (The Ohio State Comprehensive Burn Center),0.0,0.0
Mount Carmel East,Columbus,Ohio,39.9772905,-82.844166,Nationwide Children's Hospital (Burn Center at Nationwide Children's Hospital),7.366875437952119,0.0051460638422189935
OhioHealth Riverside Methodist Hospital,Columbus,Ohio,40.0312268,-83.0340807,Ohio State University Wexner Medical Center (The Ohio State Comprehensive Burn Center),2.703159631408111,0.0018882675777673048
University of Cincinnati Medical Center (UC Medical Center Burn Center),Cincinnati,Ohio,39.1385526,-84.5017257,University of Cincinnati Medical Center (UC Medical Center Burn Center),0.0,0.0
Mercy St. Vincent Medical Center (Mercy Health Medical Burn Center),Toledo,Ohio,41.6685845,-83.5426939,Mercy St. Vincent Medical Center (Mercy Health Medical Burn Center),0.0,0.0
ProMedica Toledo Hospital/Russell J. Ebeid Children's Hospital,Toledo,Ohio,41.6737582,-83.5949171,Mercy St. Vincent Medical Center (Mercy Health Medical Burn Center),2.7189148519276443,0.0018992732437819722
Mercy Health - St. Elizabeth Youngstown Hospital,Youngstown ,Ohio,41.1135545,-80.6602689,Akron Children's Hospital (Akron Children's Hospital Burn Center),45.12984186693509,0.031525040621706926
Kettering Health Main Campus,Kettering,Ohio,39.6962082,-84.1906759,Miami Valley Hospital (Miami Valley Hospital Regional Burn Center),3.397180446155146,0.002373069506427293
Miami Valley Hospital (Miami Valley Hospital Regional Burn Center),Dayton,Ohio,39.7452461,-84.1860386,Miami Valley Hospital (Miami Valley Hospital Regional Burn Center),0.0,0.0
OhioHealth MedCentral Mansfield Hospital,Mansfield,Ohio,40.7526722,-82.5287909,Akron Children's Hospital (Akron Children's Hospital Burn Center),57.02225925316094,0.039832380636247174
Aultman Hospital,Canton,Ohio,40.7967019,-81.4034019,Akron Children's Hospital (Akron Children's Hospital Burn Center),20.53980392859983,0.01434789324368134
Mercy Medical Center - Canton,Canton,Ohio,40.8141869,-81.395739,Akron Children's Hospital (Akron Children's Hospital Burn Center),19.530331311240293,0.013642735327050654
Cleveland Clinic Akron General,Akron,Ohio,41.0784407,-81.5315615,Akron Children's Hospital (Akron Children's Hospital Burn Center),0.3052211278482567,0.00021320944315271904
Summa Akron City Hospital,Akron,Ohio,41.0803895,-81.5003683,Akron Children's Hospital (Akron Children's Hospital Burn Center),1.3267522093543633,0.0009267906902523399
OU Medical Center,Oklahoma City,Oklahoma,35.4812872,-97.5010817,Paul Silvertein Burn Center,5.392936007047705,0.0037671864039259253
Ascension St. John Medical Center (Alexander Burn Center),Tulsa,Oklahoma,36.1339564,-95.9688643,Ascension St. John Medical Center (Alexander Burn Center),0.0,0.0
Good Samaritan Regional Medical Center,Corvallis,Oregon,44.6004947,-123.2503122,Legacy Emanuel Medical Center/Randall Children's Hospital (Oregon Burn Center),71.10630573088751,0.04967066322180262
St. Charles Medical Center Bend,Bend,Oregon,44.0675303,-121.2693418,Legacy Emanuel Medical Center/Randall Children's Hospital (Oregon Burn Center),123.00211934430162,0.08592201187671689
Asante Rogue Regional Medical Center,Medford,Oregon,42.3180196,-122.8304465,Legacy Emanuel Medical Center/Randall Children's Hospital (Oregon Burn Center),223.07700593995105,0.1558284138189761
Peacehealth Sacred Heart Medical Center at RiverBend,Springfield,Oregon,,,,,
Salem Hospital,Salem,Oregon,44.9327095,-123.0339917,Legacy Emanuel Medical Center/Randall Children's Hospital (Oregon Burn Center),45.831116966587956,0.03201490996511683
Legacy Emanuel Medical Center/Randall Children's Hospital (Oregon Burn Center),Portland,Oregon,45.5445548,-122.6701636,Legacy Emanuel Medical Center/Randall Children's Hospital (Oregon Burn Center),0.0,0.0
Oregon Health & Science University/Doernbecher Children's Hospital,Portland,Oregon,45.4995338,-122.685936,Legacy Emanuel Medical Center/Randall Children's Hospital (Oregon Burn Center),3.203022333160064,0.0022374421222841985
Allegheny General Hospital,Pittsburgh,Pennsylvania,40.4569719,-80.0033069,UPMC Mercy (UPMC Mercy Burn Center),1.703482233433331,0.0011899520225593227
UPMC Mercy (UPMC Mercy Burn Center),Pittsburgh,Pennsylvania,40.4363791,-79.9854929,UPMC Mercy (UPMC Mercy Burn Center),0.0,0.0
UPMC Presbyterian,Pittsburgh,Pennsylvania,40.4427264,-79.9606467,UPMC Mercy (UPMC Mercy Burn Center),1.3782225423375178,0.0009627448232823417
Forbes Hospital,Monroeville ,Pennsylvania,40.4289169,-79.7482277,West Penn Hospital Burn Center,10.639432471967968,0.007432078797431793
Reading Hospital - Tower Health,West Reading,Pennsylvania,40.330642,-75.9501711,Lehigh Valley Hospital-Cedar Crest/Lehigh Valley Reilly Children's Hospital (Lehigh Valley Health Network Regional Burn Center),27.73506455248434,0.019374077118212433
UPMC Altoona,Altoona ,Pennsylvania,40.5225127,-78.398237,West Penn Hospital Burn Center,81.44519146584688,0.05689279782929345
Guthrie Robert Packer Hospital,Sayre ,Pennsylvania,41.9805889,-76.5208075,Upstate University Hospital/Upstate Golisano Children's Hospital (Clark Burn Center),75.79067540054685,0.052942887054505616
St. Mary Medical Center,Langhorne ,Pennsylvania,,,,,
Grand View Health,Sellersville ,Pennsylvania,40.3624445,-75.3271409,Lehigh Valley Hospital-Cedar Crest/Lehigh Valley Reilly Children's Hospital (Lehigh Valley Health Network Regional Burn Center),17.338478827056818,0.01211163670710847
Conemaugh Memorial Medical Center,Johnstown ,Pennsylvania,40.3058405,-78.9182439,West Penn Hospital Burn Center,55.149801854193505,0.03852439254847786
Paoli Hospital,Paoli ,Pennsylvania,40.0444264,-75.5020241,Temple University Hospital (Temple Burn Center),18.7775081059066,0.01311685752320006
Penn State Health Holy Spirit Medical Center,Camp Hill,Pennsylvania,40.2535001,-76.9219094,Johns Hopkins Hospital (Johns Hopkins Pediatric Burn Center),68.37279450542316,0.047761193814027186
Penn State Milton S. Hershey Medical Center/Penn State Children's Hospital,Hershey,Pennsylvania,40.2637095,-76.6748222,Lehigh Valley Hospital-Cedar Crest/Lehigh Valley Reilly Children's Hospital (Lehigh Valley Health Network Regional Burn Center),64.12336918479662,0.044792796400921875
Crozer-Chester Medical Center (Nathan Speare Regional Burn Treatment Center),Chester,Pennsylvania,,,,,
UPMC Hamot,Erie ,Pennsylvania,42.1332512,-80.0875968,"Erie County Medical Center (Roger W. Seibel, MD, Burn Treatment Center)",84.19716613142134,0.05881516470524978
Geisinger Community Medical Center,Scranton ,Pennsylvania,41.4003994,-75.6466671,Lehigh Valley Hospital-Cedar Crest/Lehigh Valley Reilly Children's Hospital (Lehigh Valley Health Network Regional Burn Center),58.08904051208891,0.04057757098327606
Penn Medicine Lancaster General Hospital,Lancaster ,Pennsylvania,40.047535,-76.3042918,Johns Hopkins Bayview Medical Center (Johns Hopkins Adult Burn Center),53.82835552928315,0.03760130823555174
Lehigh Valley Hospital-Cedar Crest/Lehigh Valley Reilly Children's Hospital (Lehigh Valley Health Network Regional Burn Center),Allentown,Pennsylvania,40.5649685,-75.5218951,Lehigh Valley Hospital-Cedar Crest/Lehigh Valley Reilly Children's Hospital (Lehigh Valley Health Network Regional Burn Center),0.0,0.0
Geisinger Wyoming Valley Medical Center,Wilkes-Barre,Pennsylvania,,,,,
Jefferson Abington Health,Abington ,Pennsylvania,40.1196538,-75.120194,St. Christopher's Hospital for Children (Stuart J. Hulnick Burn Center),7.765412319987161,0.005424458156837857
Lankenau Medical Center,Wynnewood ,Pennsylvania,39.9881335,-75.2624226,Temple University Hospital (Temple Burn Center),6.025139265769827,0.004208806240998576
Geisinger Medical Center/ Geisinger Janet Weis Children's Hospital,Danville,Pennsylvania,40.9682437,-76.604154,Lehigh Valley Hospital-Cedar Crest/Lehigh Valley Reilly Children's Hospital (Lehigh Valley Health Network Regional Burn Center),63.11749256417977,0.044090150435113516
St. Luke's University Hospital - Bethlehem Campus,Bethlehem ,Pennsylvania,40.6092805,-75.3931974,Lehigh Valley Hospital-Cedar Crest/Lehigh Valley Reilly Children's Hospital (Lehigh Valley Health Network Regional Burn Center),7.414584119089834,0.00517939030756113
Lehigh Valley Hospital - Muhlenberg,Bethlehem ,Pennsylvania,40.6445094,-75.4082927,Lehigh Valley Hospital-Cedar Crest/Lehigh Valley Reilly Children's Hospital (Lehigh Valley Health Network Regional Burn Center),8.106603558668631,0.005662794193798014
St. Luke's Anderson Campus,Easton ,Pennsylvania,40.6493292,-75.2888598,Lehigh Valley Hospital-Cedar Crest/Lehigh Valley Reilly Children's Hospital (Lehigh Valley Health Network Regional Burn Center),13.542566442340002,0.009460036631099497
Einstein Medical Center Philadelphia,Philadelphia ,Pennsylvania,40.0368481,-75.1415887,St. Christopher's Hospital for Children (Stuart J. Hulnick Burn Center),2.2138203477681486,0.001546444071271725
Temple University Hospital (Temple Burn Center),Philadelphia ,Pennsylvania,40.0053079,-75.1508235,Temple University Hospital (Temple Burn Center),0.0,0.0
Thomas Jefferson University Hospital (Thomas Jefferson University Hospital Burn Center),Philadelphia ,Pennsylvania,39.9492771,-75.1580307,Thomas Jefferson University Hospital (Thomas Jefferson University Hospital Burn Center),0.0,0.0
Penn Presbyterian Medical Center,Philadelphia ,Pennsylvania,39.9584948,-75.1993287,Thomas Jefferson University Hospital (Thomas Jefferson University Hospital Burn Center),2.2781787119878745,0.0015914010213172328
Jefferson Torresdale Hospital,Philadelphia ,Pennsylvania,40.0711287,-74.9830577,St. Christopher's Hospital for Children (Stuart J. Hulnick Burn Center),8.72079814257466,0.006091834234850232
UPMC Williamsport,Williamsport ,Pennsylvania,41.2474093,-77.015175,Lehigh Valley Hospital-Cedar Crest/Lehigh Valley Reilly Children's Hospital (Lehigh Valley Health Network Regional Burn Center),91.12493790184439,0.06365449667376069
WellSpan York Hospital,York,Pennsylvania,39.950875,-76.7223613,Johns Hopkins Hospital (Johns Hopkins Pediatric Burn Center),45.712844037121556,0.03193229148582168
Rhode Island Hospital/Hasbro Children's Hospital (Rhode Island Burn Center),Providence,Rhode Island,41.8110744,-71.4089995,Rhode Island Hospital/Hasbro Children's Hospital (Rhode Island Burn Center),0.0,0.0
HCA Trident Medical Center ,Charleston,South Carolina,32.9743364,-80.0739894,MUSC Health University Medical Center (South Carolina Burn Center at MUSC),15.043211499500066,0.010508298588790852
MUSC Health University Medical Center (South Carolina Burn Center at MUSC),Charleston,South Carolina,32.7844004,-79.9472632,MUSC Health University Medical Center (South Carolina Burn Center at MUSC),0.0,0.0
McLeod Regional Medical Center,Florence,South Carolina,34.1969765,-79.7581256,MUSC Health University Medical Center (South Carolina Burn Center at MUSC),98.20721144061051,0.06860175444749604
Prisma Health Greenville Memorial Hospital,Greenville,South Carolina,34.819598,-82.4104176,Doctors Hospital of Augusta (Joseph M. Still Burn Center),93.86799348679774,0.06557063320705998
Grand Strand Medical Center,Myrtle Beach,South Carolina,33.7580795,-78.8194704,MUSC Health University Medical Center (South Carolina Burn Center at MUSC),93.65007854759254,0.06541841070801432
Prisma Health Richland,Columbia,South Carolina,34.027949,-81.0325566,Doctors Hospital of Augusta (Joseph M. Still Burn Center),71.56388339310048,0.049990299936493135
Spartanburg Medical Center - Church Street Campus,Spartanburg,South Carolina,34.9669664,-81.9387309,Doctors Hospital of Augusta (Joseph M. Still Burn Center),102.68268729580979,0.07172805740580525
Monument Health Rapid City Hospital,Rapid City,South Dakota,44.0564532,-103.2252396,North Colorado Medical Center (Western States Burn Center),262.79820880031724,0.18357529884924592
Avera McKennan Hospital and University Health Center,Sioux Falls,South Dakota,43.5339177,-96.7149049,CHI Health St. Elizabeth Regional Burn Center,188.37968380515855,0.1315909149819772
Sanford USD Medical Center,Sioux Falls,South Dakota,43.5340005,-96.7431263,CHI Health St. Elizabeth Regional Burn Center,188.42551605306866,0.1316229306819526
TriStar Skyline Medical Center (TriStar Skyline Burn and Reconstruction Center),Nashville,Tennessee,36.2450987,-86.7495457,TriStar Skyline Medical Center (TriStar Skyline Burn and Reconstruction Center),0.0,0.0
Vanderbilt University Medical Center/Monroe Carell Jr. Children's Hospital at Vanderbilt (Vanderbilt Burn Center),Nashville,Tennessee,36.1409238,-86.8016342,Vanderbilt University Medical Center/Monroe Carell Jr. Children's Hospital at Vanderbilt (Vanderbilt Burn Center),0.0,0.0
Erlanger Baroness Hospital,Chattanooga,Tennessee,,,,,
University of Tennessee Medical Center,Knoxville,Tennessee,35.940071,-83.9434785,Joseph M. Still Burn Center at WellStar Cobb Hospital ,148.68128812982954,0.1038599617034047
Regional One Health (Firefighters Regional One Burn Center),Memphis,Tennessee,35.1423974,-90.0320763,Regional One Health (Firefighters Regional One Burn Center),0.0,0.0
Bristol Regional Medical Center,Bristol,Tennessee,36.5855299,-82.2565154,Wake Forest Baptist Medical Center/Brenner Children's Hospital (Wake Forest Baptist Burn Center),115.86748100058945,0.08093817514469626
Johnson City Medical Center,Johnson City,Tennessee,36.308663,-82.386435,Wake Forest Baptist Medical Center/Brenner Children's Hospital (Wake Forest Baptist Burn Center),119.094155445194,0.08319213923433579
Baylor Scott & White Medical Center - Temple,Temple,Texas,31.0778576,-97.3627301,Dell Seton Medical Center at the University of Texas (w/ Burn Center),59.609754833807145,0.04163985214321301
Brooke Army Medical Center (USAISR Burn Center),Fort Sam Houston,Texas,29.4588961,-98.4193095,Brooke Army Medical Center (USAISR Burn Center),0.0,0.0
University Hospital (Pediatric Burn Center),San Antonio,Texas,29.5078264,-98.5780943,University Hospital (Pediatric Burn Center),0.0,0.0
CHI St. Joseph Regional Health Center,Bryan,Texas,30.6559246,-96.3468472,Memorial Hermann Texas Medical Center (John S. Dunn Burn Center),86.43281568508694,0.0603768573697846
Valley Baptist Medical Center-Harlingen,Harlingen,Texas,26.1752464,-97.6702557,Brooke Army Medical Center (USAISR Burn Center),231.4500834595902,0.16167735097487426
Medical City Plano (Burn and Reconstructive Center),Plano,Texas,33.0214002,-96.7665359,Medical City Plano (Burn and Reconstructive Center),0.0,0.0
Texas Health Presbyterian Hospital Plano,Plano,Texas,33.0437453,-96.8362596,Medical City Plano (Burn and Reconstructive Center),4.323837896377685,0.003020377641182272
Baylor University Medical Center at Dallas,Dallas,Texas,32.7921184,-96.7750728,Parkland Memorial Hospital (Parkland Burn Center),3.8394926206416393,0.0026820426534920603
Methodist Dallas Medical Center,Dallas,Texas,32.7612534,-96.825046,Parkland Memorial Hospital (Parkland Burn Center),3.555034812318198,0.00248333723837009
Parkland Memorial Hospital (Parkland Burn Center),Dallas,Texas,32.811726,-96.836931,Parkland Memorial Hospital (Parkland Burn Center),0.0,0.0
Texas Health Presbyterian Hospital of Dallas,Dallas,Texas,32.879108,-96.763907,Parkland Memorial Hospital (Parkland Burn Center),6.296354523897876,0.004398261193110381
Medical City Denton,Denton,Texas,,,,,
Del Sol Medical Center,El Paso,Texas,31.7569346,-106.3498538,University of New Mexico Hospital (UNM Regional Burn Center),230.6313158235109,0.16110540828863035
University Medical Center of El Paso,El Paso,Texas,31.7720102,-106.4349038,University of New Mexico Hospital (UNM Regional Burn Center),229.31457765588598,0.1601856128161596
University of Texas Medical Branch (Blocker Burn Unit),Galveston,Texas,29.310307,-94.774521,University of Texas Medical Branch (Blocker Burn Unit),0.0,0.0
Ben Taub Hospital - Harris Health System,Houston,Texas,29.7106109,-95.3934292,Memorial Hermann Texas Medical Center (John S. Dunn Burn Center),0.22173272446439143,0.00015488937821922866
HCA Houston Healthcare Clear Lake,Webster,Texas,29.5389936,-95.1291507,Memorial Hermann Texas Medical Center (John S. Dunn Burn Center),20.02068434781003,0.013985266981436175
Memorial Hermann Texas Medical Center (John S. Dunn Burn Center),Houston,Texas,29.7133159,-95.3954173,Memorial Hermann Texas Medical Center (John S. Dunn Burn Center),0.0,0.0
Ascension Seton Hays,Kyle,Texas,30.0090536,-97.8525214,Dell Seton Medical Center at the University of Texas (w/ Burn Center),19.782388600017807,0.013818807653896767
Doctors Hospital at Renaissance,Edinburg,Texas,26.2538581,-98.2037017,Brooke Army Medical Center (USAISR Burn Center),221.8403443282689,0.1549645550964365
McAllen Medical Center,McAllen,Texas,26.1868788,-98.225928,Brooke Army Medical Center (USAISR Burn Center),226.3855362003391,0.15813955754432776
Covenant Medical Center,Lubbock,Texas,33.5768935,-101.8921117,University Medical Center (Timothy J. Harnar Burn Center),0.8505542370525918,0.0005941469272839025
University Medical Center (Timothy J. Harnar Burn Center),Lubbock,Texas,33.5892032,-101.8919947,University Medical Center (Timothy J. Harnar Burn Center),0.0,0.0
Baylor Scott & White Hillcrest Medical Center,Waco,Texas,,,,,
HCA Houston Healthcare Conroe,Conroe,Texas,30.2843191,-95.4681856,Memorial Hermann Texas Medical Center (John S. Dunn Burn Center),39.692503753844576,0.02772683753040115
Memorial Hermann The Woodlands Hospital,The Woodlands,Texas,,,,,
CHRISTUS Spohn Hospital Corpus Christi Shoreline,Corpus Christi,Texas,27.7778793,-97.3950902,Brooke Army Medical Center (USAISR Burn Center),131.715619701062,0.09200874830965321
UT Health Tyler,Tyler,Texas,32.3382774,-95.2903234,Ochsner LSU Health Shreveport (LSU Health Burn Center),89.7643270981685,0.06270405437035785
Baylor Scott & White Medical Center - Grapevine,Grapevine,Texas,32.9338752,-97.0940581,Parkland Memorial Hospital (Parkland Burn Center),17.142724523953536,0.011974894318881175
Medical City Arlington,Arlington,Texas,32.6921841,-97.1129429,Parkland Memorial Hospital (Parkland Burn Center),18.040745752681207,0.012602198881531032
JPS Health Network,Fort Worth,Texas,32.7270451,-97.3279671,Parkland Memorial Hospital (Parkland Burn Center),29.122086339376587,0.02034296857375744
Texas Health Harris Methodist Hospital Fort Worth,Fort Worth,Texas,32.7372301,-97.3392669,Parkland Memorial Hospital (Parkland Burn Center),29.633548943763582,0.020700246124769586
Dell Seton Medical Center at the University of Texas (w/ Burn Center),Austin,Texas,30.2764053,-97.7340459,Dell Seton Medical Center at the University of Texas (w/ Burn Center),0.0,0.0
HCA St. David's South Austin Medical Center,Austin,Texas,30.2256422,-97.7752699,Dell Seton Medical Center at the University of Texas (w/ Burn Center),4.28438633417111,0.002992819111178574
United Regional Health Care System,Wichita Falls,Texas,33.9024667,-98.501821,Medical City Plano (Burn and Reconstructive Center),117.09094449887557,0.08179281444514779
Ascension Seton Williamson,Round Rock,Texas,30.5671232,-97.650807,Dell Seton Medical Center at the University of Texas (w/ Burn Center),20.690082548158358,0.014452869006727998
HCA St. David's Round Rock Medical Center,Round Rock,Texas,30.5100684,-97.7146088,Dell Seton Medical Center at the University of Texas (w/ Burn Center),16.18624685415706,0.011306755540930314
CHRISTUS Trinity Mother Frances Hospital - Tyler,Tyler,Texas,32.3431946,-95.2911236,Ochsner LSU Health Shreveport (LSU Health Burn Center),89.77159659251535,0.06270913240952447
HCA Corpus Christi Medical Center - Bay Area,Corpus Christi,Texas,27.6931502,-97.344938,Brooke Army Medical Center (USAISR Burn Center),138.32462217266252,0.09662540688338549
HCA Houston Healthcare Northwest,Houston,Texas,30.0206762,-95.4426692,Memorial Hermann Texas Medical Center (John S. Dunn Burn Center),21.42467214361613,0.014966009888217693
HCA St. Mark's Hospital,Salt Lake City,Utah,,,,,
Intermountain Medical Center,Murray,Utah,,,,,
University of Utah Health (University of Utah Health Burn Center),Salt Lake City,Utah,40.7715715,-111.8365802,University of Utah Health (University of Utah Health Burn Center),0.0,0.0
Utah Valley Hospital,Provo,Utah,40.2478922,-111.6656924,University of Utah Health (University of Utah Health Burn Center),37.28010264280662,0.02604167667285686
St. George Regional Hospital,St George,Utah,37.0999908,-113.5554132,Sunrise Hospital and Medical Center (Burn and Reconstructive Center of Sunrise Hospital),110.22008898156412,0.07699324080764695
HCA Ogden Regional Medical Center,Ogden,Utah,41.1636679,-111.9581017,University of Utah Health (University of Utah Health Burn Center),27.82348898039796,0.01943584519819258
McKay-Dee Hospital,Ogden,Utah,41.1847611,-111.9540829,University of Utah Health (University of Utah Health Burn Center),29.199507540840052,0.02039705044996506
The University of Vermont Medical Center (University of Vermont Burn Center),Burlington,Vermont,44.4794528,-73.1947585,The University of Vermont Medical Center (University of Vermont Burn Center),0.0,0.0
Virginia Hospital Center in Arlington,Arlington,Virginia,38.8897796,-77.1275542,Children's National Health System (Children's National Trauma and Burn Center),6.626457143528769,0.004628851376073557
University of Virginia Medical Center,Charlottesville,Virginia,38.0324342,-78.4990607,Chippenham Hospital (Wound Healing Center),64.11847369345806,0.04478937669996732
Reston Hospital Center,Reston,Virginia,38.9630315,-77.3647289,MedStar Washington Hospital Center (The Burn Center at MedStar Washington Hospital Center),18.95443845845969,0.013240450611957054
Inova Fairfax Hospital,Falls Church,Virginia,38.8574108,-77.2284948,Children's National Health System (Children's National Trauma and Burn Center),12.498681136237227,0.008730840043699003
Mary Washington Hospital,Fredericksburg ,Virginia,38.3103872,-77.4838307,Children's National Health System (Children's National Trauma and Burn Center),49.58423937462577,0.0346366194920522
Henrico Doctors' Hospital,Richmond,Virginia,37.6033021,-77.5414808,Chippenham Hospital (Wound Healing Center),6.305094747751549,0.004404366596999059
Centra Lynchburg General Hospital,Lynchburg ,Virginia,37.4170889,-79.1714512,Chippenham Hospital (Wound Healing Center),90.46269716959257,0.0631918944327171
Riverside Regional Medical Center,Newport News,Virginia,37.0634252,-76.482719,Sentara Norfolk General Hospital (Burn Center at Sentara Norfolk General Hospital),17.03934095246495,0.011902676665196404
Sentara Norfolk General Hospital (Burn Center at Sentara Norfolk General Hospital),Norfolk,Virginia,36.8624604,-76.3038338,Sentara Norfolk General Hospital (Burn Center at Sentara Norfolk General Hospital),0.0,0.0
Chippenham Hospital (Wound Healing Center),Richmond,Virginia,37.5128428,-77.5263244,Chippenham Hospital (Wound Healing Center),0.0,0.0
VCU Medical Center (Evans-Haynes Burn Center),Richmond,Virginia,37.5402575,-77.4300631,VCU Medical Center (Evans-Haynes Burn Center),0.0,0.0
Carilion Roanoke Memorial Hospital,Roanoke,Virginia,37.2517013,-79.9410456,Wake Forest Baptist Medical Center/Brenner Children's Hospital (Wake Forest Baptist Burn Center),82.2936832291665,0.05748550403430749
Winchester Medical Center,Winchester ,Virginia,39.1948877,-78.192692,MedStar Washington Hospital Center (The Burn Center at MedStar Washington Hospital Center),65.81511728581998,0.04597455165199737
PeaceHealth Southwest Medical Center,Vancouver,Washington,45.6243741,-122.5810492,Legacy Emanuel Medical Center/Randall Children's Hospital (Oregon Burn Center),6.998929190690829,0.004889038337327621
UW Medicine/Harborview Medical Center (UW Medicine Regional Burn Center at Harborview),Seattle,Washington,47.6043048,-122.3240717,UW Medicine/Harborview Medical Center (UW Medicine Regional Burn Center at Harborview),0.0,0.0
Madigan Army Medical Center Joint Base Lewis ,Joint Base Lewis-McChord,Washington,,,,,
Tacoma Trauma Center,Tacoma,Washington,47.2600088,-122.4528442,UW Medicine/Harborview Medical Center (UW Medicine Regional Burn Center at Harborview),24.53840034146822,0.01714107640433061
Providence Regional Medical Center Everett,Everett,Washington,48.0000227,-122.2079708,UW Medicine/Harborview Medical Center (UW Medicine Regional Burn Center at Harborview),27.867633431534557,0.019466681903080832
Providence Sacred Heart Medical Center & Children's Hospital,Spokane,Washington,47.6483146,-117.4121718,UW Medicine/Harborview Medical Center (UW Medicine Regional Burn Center at Harborview),228.7137971467342,0.15976594305503827
PeaceHealth St. Joseph Medical Center ,Bellingham,Washington,48.7735954,-122.4736882,UW Medicine/Harborview Medical Center (UW Medicine Regional Burn Center at Harborview),81.08444658812736,0.056640802775605646
Cabell Huntington Hospital (Cabell Huntington Burn Intensive Care Unit),Huntington,West Virginia,38.4101402,-82.427516,Cabell Huntington Hospital (Cabell Huntington Burn Intensive Care Unit),0.0,0.0
Charleston Area Medical Center,Charleston,West Virginia,38.3475369,-81.6272422,Cabell Huntington Hospital (Cabell Huntington Burn Intensive Care Unit),43.56152485524965,0.03042950703559611
St. Mary's Medical Center - Huntington,Huntington,West Virginia,38.4311858,-82.4004817,Cabell Huntington Hospital (Cabell Huntington Burn Intensive Care Unit),2.0630492569376546,0.0014411242968966063
West Virginia University Hospitals (J.W. Ruby Memorial Hospital),Morgantown,West Virginia,39.6526732,-79.9587123,UPMC Mercy (UPMC Mercy Burn Center),54.16797385664952,0.037838545529616914
Wheeling Hospital,Wheeling,West Virginia,40.0585396,-80.6845955,UPMC Mercy (UPMC Mercy Burn Center),45.17531315891811,0.03155680417920205
Aurora BayCare Medical Center,Green Bay,Wisconsin,,,,,
HSHS St. Vincent Hospital,Green Bay,Wisconsin,44.5003345,-88.0131465,Ascension Columbia St. Mary's Hospital Regional Burn Center,99.72119505081719,0.06965933393011624
SSM Health St. Mary's Hospital Madison,Madison,Wisconsin,43.0585906,-89.4042471,University of Wisconsin Hospitals (UW Burn and Wound Center),1.863625823133079,0.001301818870785294
University of Wisconsin Hospitals (UW Burn and Wound Center),Madison,Wisconsin,43.0763751,-89.4320049,University of Wisconsin Hospitals (UW Burn and Wound Center),0.0,0.0
Mayo Clinic Health System Eau Claire,Eau Claire,Wisconsin,44.8154285,-91.5163326,Regions Hospital/Gillette Children's Specialty Healthcare (Regions Hospital Burn Center),77.91988931593126,0.054430230071853436
Gundersen Lutheran Medical Center,La Crosse,Wisconsin,43.7950237,-91.2468174,University of Wisconsin Hospitals (UW Burn and Wound Center),103.70910087344066,0.07244504927617101
Aspirus Wausau Hospital,Wausau,Wisconsin,44.9658393,-89.6683726,University of Wisconsin Hospitals (UW Burn and Wound Center),131.0777831279619,0.09156319337205165
Children's Wisconsin (Children's Wisconsin Burn Program),Milwaukee,Wisconsin,43.0386077,-88.0214037,Children's Wisconsin (Children's Wisconsin Burn Program),0.0,0.0
Mercyhealth Hospital and Trauma Center,Janesville,Wisconsin,42.6879304,-89.0338544,OSF Saint Anthony Medical Center (w/ Burn Unit),29.183860334960883,0.020386120236595126
Aurora Medical Center Summit,Summit,Wisconsin,43.0656744,-88.4672145,Children's Wisconsin (Children's Wisconsin Burn Program),22.586213881920262,0.01577739430635531
ThedaCare Regional Medical Center - Neenah,Neenah,Wisconsin,44.1878724,-88.4531852,Children's Wisconsin (Children's Wisconsin Burn Program),82.2923483125918,0.057484571540474066
Marshfield Medical Center,Marshfield,Wisconsin,,,,,
